{"base_info":{"Balls":0,"Edges":4241,"EdgesLinear1D":4241,"EdgesQuadratic1D":0,"Elements":71747,"ElementsBiQuadratic":0,"ElementsLinear":71747,"ElementsOD":0,"ElementsQuadratic":0,"Faces":17828,"FacesBiQuadratic2D":0,"FacesLinear2D":17828,"FacesQuadratic2D":0,"HexagonalPrisms":0,"Hexahedrons":0,"HexahedronsBiQuadratic":0,"HexahedronsLinear":0,"HexahedronsQuadratic":0,"Nodes":13173,"Polygons":0,"PolygonsLinear":0,"PolygonsQuadratic":0,"Polyhedrons":0,"Prisms":0,"PrismsBiQuadratic":0,"PrismsLinear":0,"PrismsQuadratic":0,"Pyramids":0,"PyramidsLinear":0,"PyramidsQuadratic":0,"Quadrangles":0,"QuadranglesBiQuadratic":0,"QuadranglesLinear":0,"QuadranglesQuadratic":0,"Tetrahedrons":49678,"TetrahedronsLinear":49678,"TetrahedronsQuadratic":0,"Triangles":17828,"TrianglesBiQuadratic":0,"TrianglesLinear":17828,"TrianglesQuadratic":0,"Volumes":49678,"VolumesBiQuadratic3D":0,"VolumesLinear3D":49678,"VolumesQuadratic3D":0}}