{"cellSize":0,"gridType":"Unstructured Grid","model":{"boundingBox":[-0.155,0.155,-0.1,0.1,-0.15600000000000003,0.095],"parts":[{"boundingBox":[-0.155,0.155,-0.1,0.1,-0.15600000000000003,0.095],"edge_indices":"blob1/elem1","face_indices":"blob1/elem2","face_normals":"blob1/norm1","face_scalars":[{"data":[{"component_name":"DX","current_step":1,"current_time":0.0,"dir_name":"blob1/","file_name":"reslin__DEPL##DX&&1$$0.000000","glyph_scale_max_factor":10401.597725378564,"glyph_scale_min_factor":0.0,"minMax":[-1.1603332268350641e-06,1.1603332268350641e-06],"scalar_id":1,"warp_scale_max_factor":10401.597725378564},{"component_name":"DY","current_step":1,"current_time":0.0,"dir_name":"blob1/","file_name":"reslin__DEPL##DY&&1$$0.000000","glyph_scale_max_factor":10401.597725378564,"glyph_scale_min_factor":0.0,"minMax":[-5.313693804964714e-07,5.313693804964714e-07],"scalar_id":2,"warp_scale_max_factor":10401.597725378564},{"component_name":"DZ","current_step":1,"current_time":0.0,"dir_name":"blob1/","file_name":"reslin__DEPL##DZ&&1$$0.000000","glyph_scale_max_factor":10401.597725378564,"glyph_scale_min_factor":0.0,"minMax":[-1.5710091005871618e-09,1.022649394144537e-05],"scalar_id":3,"warp_scale_max_factor":10401.597725378564},{"component_name":"Magnitude","current_step":1,"current_time":0.0,"dir_name":"blob1/","file_name":"reslin__DEPL##Magnitude&&1$$0.000000","glyph_scale_max_factor":10401.597725378564,"glyph_scale_min_factor":0.0,"minMax":[0.0,1.0229045983578544e-05],"scalar_id":4,"warp_scale_max_factor":10401.597725378564}],"is_vector":0,"name":"reslin__DEPL","scaleFactor":0.0,"steps":1},{"data":[{"component_name":"Magnitude","current_step":1,"current_time":0.0,"dir_name":"blob1/","file_name":"reslin__SIEQ_NOEU##Magnitude&&1$$0.000000","glyph_scale_max_factor":0.0,"glyph_scale_min_factor":0.0,"minMax":[10827.3916015625,84276904.0],"scalar_id":5,"warp_scale_max_factor":0.0},{"component_name":"PRIN_1","current_step":1,"current_time":0.0,"dir_name":"blob1/","file_name":"reslin__SIEQ_NOEU##PRIN_1&&1$$0.000000","glyph_scale_max_factor":0.0,"glyph_scale_min_factor":0.0,"minMax":[-33898484.0,7496237.5],"scalar_id":6,"warp_scale_max_factor":0.0},{"component_name":"PRIN_2","current_step":1,"current_time":0.0,"dir_name":"blob1/","file_name":"reslin__SIEQ_NOEU##PRIN_2&&1$$0.000000","glyph_scale_max_factor":0.0,"glyph_scale_min_factor":0.0,"minMax":[-9878168.0,12146482.0],"scalar_id":7,"warp_scale_max_factor":0.0},{"component_name":"PRIN_3","current_step":1,"current_time":0.0,"dir_name":"blob1/","file_name":"reslin__SIEQ_NOEU##PRIN_3&&1$$0.000000","glyph_scale_max_factor":0.0,"glyph_scale_min_factor":0.0,"minMax":[-4848479.5,36833988.0],"scalar_id":8,"warp_scale_max_factor":0.0},{"component_name":"TRESCA","current_step":1,"current_time":0.0,"dir_name":"blob1/","file_name":"reslin__SIEQ_NOEU##TRESCA&&1$$0.000000","glyph_scale_max_factor":0.0,"glyph_scale_min_factor":0.0,"minMax":[4895.994140625,37412936.0],"scalar_id":9,"warp_scale_max_factor":0.0},{"component_name":"TRIAX","current_step":1,"current_time":0.0,"dir_name":"blob1/","file_name":"reslin__SIEQ_NOEU##TRIAX&&1$$0.000000","glyph_scale_max_factor":0.0,"glyph_scale_min_factor":0.0,"minMax":[-0.8748093247413635,0.8943886756896973],"scalar_id":10,"warp_scale_max_factor":0.0},{"component_name":"TRSIG","current_step":1,"current_time":0.0,"dir_name":"blob1/","file_name":"reslin__SIEQ_NOEU##TRSIG&&1$$0.000000","glyph_scale_max_factor":0.0,"glyph_scale_min_factor":0.0,"minMax":[-45929880.0,56476708.0],"scalar_id":11,"warp_scale_max_factor":0.0},{"component_name":"VECT_1_X","current_step":1,"current_time":0.0,"dir_name":"blob1/","file_name":"reslin__SIEQ_NOEU##VECT_1_X&&1$$0.000000","glyph_scale_max_factor":0.0,"glyph_scale_min_factor":0.0,"minMax":[-0.7032366394996643,0.9995961785316467],"scalar_id":12,"warp_scale_max_factor":0.0},{"component_name":"VECT_1_Y","current_step":1,"current_time":0.0,"dir_name":"blob1/","file_name":"reslin__SIEQ_NOEU##VECT_1_Y&&1$$0.000000","glyph_scale_max_factor":0.0,"glyph_scale_min_factor":0.0,"minMax":[-0.682273268699646,0.9999753832817078],"scalar_id":13,"warp_scale_max_factor":0.0},{"component_name":"VECT_1_Z","current_step":1,"current_time":0.0,"dir_name":"blob1/","file_name":"reslin__SIEQ_NOEU##VECT_1_Z&&1$$0.000000","glyph_scale_max_factor":0.0,"glyph_scale_min_factor":0.0,"minMax":[-0.9333231449127197,0.9927462339401245],"scalar_id":14,"warp_scale_max_factor":0.0},{"component_name":"VECT_2_X","current_step":1,"current_time":0.0,"dir_name":"blob1/","file_name":"reslin__SIEQ_NOEU##VECT_2_X&&1$$0.000000","glyph_scale_max_factor":0.0,"glyph_scale_min_factor":0.0,"minMax":[-0.9986608624458313,1.0],"scalar_id":15,"warp_scale_max_factor":0.0},{"component_name":"VECT_2_Y","current_step":1,"current_time":0.0,"dir_name":"blob1/","file_name":"reslin__SIEQ_NOEU##VECT_2_Y&&1$$0.000000","glyph_scale_max_factor":0.0,"glyph_scale_min_factor":0.0,"minMax":[-0.732726514339447,0.9999993443489075],"scalar_id":16,"warp_scale_max_factor":0.0},{"component_name":"VECT_2_Z","current_step":1,"current_time":0.0,"dir_name":"blob1/","file_name":"reslin__SIEQ_NOEU##VECT_2_Z&&1$$0.000000","glyph_scale_max_factor":0.0,"glyph_scale_min_factor":0.0,"minMax":[-0.6182553172111511,0.9999530911445618],"scalar_id":17,"warp_scale_max_factor":0.0},{"component_name":"VECT_3_X","current_step":1,"current_time":0.0,"dir_name":"blob1/","file_name":"reslin__SIEQ_NOEU##VECT_3_X&&1$$0.000000","glyph_scale_max_factor":0.0,"glyph_scale_min_factor":0.0,"minMax":[-0.6912359595298767,0.9999914765357971],"scalar_id":18,"warp_scale_max_factor":0.0},{"component_name":"VECT_3_Y","current_step":1,"current_time":0.0,"dir_name":"blob1/","file_name":"reslin__SIEQ_NOEU##VECT_3_Y&&1$$0.000000","glyph_scale_max_factor":0.0,"glyph_scale_min_factor":0.0,"minMax":[-0.655601441860199,0.9997383952140808],"scalar_id":19,"warp_scale_max_factor":0.0},{"component_name":"VECT_3_Z","current_step":1,"current_time":0.0,"dir_name":"blob1/","file_name":"reslin__SIEQ_NOEU##VECT_3_Z&&1$$0.000000","glyph_scale_max_factor":0.0,"glyph_scale_min_factor":0.0,"minMax":[-0.932259202003479,0.9995819926261902],"scalar_id":20,"warp_scale_max_factor":0.0},{"component_name":"VMIS","current_step":1,"current_time":0.0,"dir_name":"blob1/","file_name":"reslin__SIEQ_NOEU##VMIS&&1$$0.000000","glyph_scale_max_factor":0.0,"glyph_scale_min_factor":0.0,"minMax":[4357.1044921875,32630482.0],"scalar_id":21,"warp_scale_max_factor":0.0},{"component_name":"VMIS_SG","current_step":1,"current_time":0.0,"dir_name":"blob1/","file_name":"reslin__SIEQ_NOEU##VMIS_SG&&1$$0.000000","glyph_scale_max_factor":0.0,"glyph_scale_min_factor":0.0,"minMax":[-28674134.0,32630482.0],"scalar_id":22,"warp_scale_max_factor":0.0}],"is_vector":0,"name":"reslin__SIEQ_NOEU","scaleFactor":0.0,"steps":1},{"data":[{"component_name":"Magnitude","current_step":1,"current_time":0.0,"dir_name":"blob1/","file_name":"reslin__SIGM_NOEU##Magnitude&&1$$0.000000","glyph_scale_max_factor":0.0,"glyph_scale_min_factor":0.0,"minMax":[3522.636474609375,38021972.0],"scalar_id":23,"warp_scale_max_factor":0.0},{"component_name":"SIXX","current_step":1,"current_time":0.0,"dir_name":"blob1/","file_name":"reslin__SIGM_NOEU##SIXX&&1$$0.000000","glyph_scale_max_factor":0.0,"glyph_scale_min_factor":0.0,"minMax":[-26173542.0,32183744.0],"scalar_id":24,"warp_scale_max_factor":0.0},{"component_name":"SIXY","current_step":1,"current_time":0.0,"dir_name":"blob1/","file_name":"reslin__SIGM_NOEU##SIXY&&1$$0.000000","glyph_scale_max_factor":0.0,"glyph_scale_min_factor":0.0,"minMax":[-3025502.75,3025502.75],"scalar_id":25,"warp_scale_max_factor":0.0},{"component_name":"SIXZ","current_step":1,"current_time":0.0,"dir_name":"blob1/","file_name":"reslin__SIGM_NOEU##SIXZ&&1$$0.000000","glyph_scale_max_factor":0.0,"glyph_scale_min_factor":0.0,"minMax":[-18340186.0,18340186.0],"scalar_id":26,"warp_scale_max_factor":0.0},{"component_name":"SIYY","current_step":1,"current_time":0.0,"dir_name":"blob1/","file_name":"reslin__SIGM_NOEU##SIYY&&1$$0.000000","glyph_scale_max_factor":0.0,"glyph_scale_min_factor":0.0,"minMax":[-9878168.0,12146482.0],"scalar_id":27,"warp_scale_max_factor":0.0},{"component_name":"SIYZ","current_step":1,"current_time":0.0,"dir_name":"blob1/","file_name":"reslin__SIGM_NOEU##SIYZ&&1$$0.000000","glyph_scale_max_factor":0.0,"glyph_scale_min_factor":0.0,"minMax":[-2764418.0,2764418.0],"scalar_id":28,"warp_scale_max_factor":0.0},{"component_name":"SIZZ","current_step":1,"current_time":0.0,"dir_name":"blob1/","file_name":"reslin__SIGM_NOEU##SIZZ&&1$$0.000000","glyph_scale_max_factor":0.0,"glyph_scale_min_factor":0.0,"minMax":[-9878168.0,17360302.0],"scalar_id":29,"warp_scale_max_factor":0.0}],"is_vector":0,"name":"reslin__SIGM_NOEU","scaleFactor":0.0,"steps":1}],"face_vertices":"blob1/node1","geomid":0,"id":1,"line_indices":"blob1/elem3","name":"Part_1","type":1}]},"model_scalars":[{"components":[],"is_vector":0,"name":"reslin__DEPL","scaleFactor":0.0,"steps":1},{"components":[],"is_vector":0,"name":"reslin__SIEQ_NOEU","scaleFactor":0.0,"steps":1},{"components":[],"is_vector":0,"name":"reslin__SIGM_NOEU","scaleFactor":0.0,"steps":1}],"name":"/home/yskj/opt/result/lugcae/aster.rmed","pointSize":0,"type":"rmed","version":"12.6.0"}