{"base_info":{"Balls":0,"Edges":1220,"EdgesLinear1D":1220,"EdgesQuadratic1D":0,"Elements":18098,"ElementsBiQuadratic":0,"ElementsLinear":18098,"ElementsOD":0,"ElementsQuadratic":0,"Faces":6878,"FacesBiQuadratic2D":0,"FacesLinear2D":6878,"FacesQuadratic2D":0,"HexagonalPrisms":0,"Hexahedrons":10000,"HexahedronsBiQuadratic":0,"HexahedronsLinear":10000,"HexahedronsQuadratic":0,"Nodes":12976,"Polygons":0,"PolygonsLinear":0,"PolygonsQuadratic":0,"Polyhedrons":0,"Prisms":0,"PrismsBiQuadratic":0,"PrismsLinear":0,"PrismsQuadratic":0,"Pyramids":0,"PyramidsLinear":0,"PyramidsQuadratic":0,"Quadrangles":6800,"QuadranglesBiQuadratic":0,"QuadranglesLinear":6800,"QuadranglesQuadratic":0,"Tetrahedrons":0,"TetrahedronsLinear":0,"TetrahedronsQuadratic":0,"Triangles":78,"TrianglesBiQuadratic":0,"TrianglesLinear":78,"TrianglesQuadratic":0,"Volumes":10000,"VolumesBiQuadratic3D":0,"VolumesLinear3D":10000,"VolumesQuadratic3D":0}}