{"cellSize":0,"gridType":"Unstructured Grid","model":{"boundingBox":[-0.15500000000000003,0.15500000000000003,-0.1,0.1,-0.15200000000000002,0.11500000000000002],"parts":[{"boundingBox":[-0.15500000000000003,0.15500000000000003,-0.1,0.1,-0.15200000000000002,0.11500000000000002],"edge_indices":"blob1/elem1","face_indices":"blob1/elem2","face_normals":"blob1/norm1","face_vertices":"blob1/node1","geomid":0,"id":1,"line_indices":"blob1/elem3","name":"Part_1","type":1},{"boundingBox":[-0.15500000000000003,0.15500000000000003,-0.1,0.1,-0.15200000000000002,-0.14],"edge_indices":"blob1/elem4","face_indices":"blob1/elem5","face_normals":"blob1/norm2","face_vertices":"blob1/node2","geomid":0,"id":2,"line_indices":"blob1/elem6","name":"bottom","type":8},{"boundingBox":[-0.03999999646456464,0.03999999646456464,-0.012,0.012,-0.039488135945780815,0.04],"edge_indices":"blob1/elem7","face_indices":"blob1/elem8","face_normals":"blob1/norm3","face_vertices":"blob1/node3","geomid":0,"id":3,"line_indices":"blob1/elem9","name":"inner","type":8},{"boundingBox":[-0.15500000000000003,0.15500000000000003,-0.1,0.1,-0.15200000000000002,-0.14],"edge_indices":"blob1/elem10","face_indices":"blob1/elem11","face_normals":"blob1/norm4","face_vertices":"blob1/node4","geomid":0,"id":4,"line_indices":"blob1/elem12","name":"plate_bot","type":16},{"boundingBox":[-0.14436566319913022,0.14436566319913022,-0.012,0.012000000000000012,-0.14,0.11500000000000002],"edge_indices":"blob1/elem13","face_indices":"blob1/elem14","face_normals":"blob1/norm5","face_vertices":"blob1/node5","geomid":0,"id":5,"line_indices":"blob1/elem15","name":"plate_lug","type":16}]},"model_scalars":[],"name":"/home/yskj/opt/work/67/9619/lugcae/mesh/mesh.med","pointSize":0,"type":"med","version":"12.6.0"}