{
    "cellSize": 0,
    "gridType": "Unstructured Grid",
    "model": {
        "boundingBox": [
            -204.0,
            204.0,
            727.0817260742188,
            776.437255859375,
            -605.887939453125,
            -297.92608642578125
        ],
        "parts": [
            {
                "boundingBox": [
                    -204.0,
                    204.0,
                    727.0817260742188,
                    776.437255859375,
                    -605.887939453125,
                    -297.92608642578125
                ],
                "edge_indices": "blob17/elem145",
                "face_ids": "blob17/elem146",
                "face_indices": "blob17/elem147",
                "face_normals": "blob17/norm17",
                "face_vertices": "blob17/node17",
                "geomid": 17,
                "id": 17,
                "line_indices": "blob17/elem148",
                "name": "SU-001",
                "solid_ids": "blob17/elem149",
                "type": 1,
                "vertex_ids": "blob17/elem150",
                "vertex_indices": "blob17/elem151",
                "wire_ids": "blob17/elem152",
                "wire_indices": "blob17/elem153"
            }
        ],
        "transform": [
            1.0,
            0.0,
            0.0,
            0.0,
            0.0,
            1.0,
            0.0,
            0.0,
            0.0,
            0.0,
            1.0,
            0.0,
            0.0,
            0.0,
            0.0,
            1.0
        ]
    },
    "model_scalars": [],
    "name": "/home/yanglu/Data/hub/044p.stp",
    "pointSize": 0,
    "type": "stp",
    "version": "20.4.0"
}