{
    "cellSize": 0,
    "gridType": "Unstructured Grid",
    "model": {
        "boundingBox": [
            192.72250366210938,
            195.22250366210938,
            219.135009765625,
            749.4199829101563,
            -427.0090637207031,
            -172.95310974121094
        ],
        "parts": [
            {
                "boundingBox": [
                    192.72250366210938,
                    195.22250366210938,
                    219.135009765625,
                    749.4199829101563,
                    -427.0090637207031,
                    -172.95310974121094
                ],
                "edge_indices": "blob35/elem307",
                "face_ids": "blob35/elem308",
                "face_indices": "blob35/elem309",
                "face_normals": "blob35/norm35",
                "face_vertices": "blob35/node35",
                "geomid": 35,
                "id": 35,
                "line_indices": "blob35/elem310",
                "name": "TE-006",
                "solid_ids": "blob35/elem311",
                "type": 1,
                "vertex_ids": "blob35/elem312",
                "vertex_indices": "blob35/elem313",
                "wire_ids": "blob35/elem314",
                "wire_indices": "blob35/elem315"
            }
        ],
        "transform": [
            1.0,
            0.0,
            0.0,
            0.0,
            0.0,
            1.0,
            0.0,
            0.0,
            0.0,
            0.0,
            1.0,
            0.0,
            0.0,
            0.0,
            0.0,
            1.0
        ]
    },
    "model_scalars": [],
    "name": "/home/yanglu/Data/hub/044p.stp",
    "pointSize": 0,
    "type": "stp",
    "version": "20.4.0"
}