{
    "cellSize": 0,
    "gridType": "Unstructured Grid",
    "model": {
        "boundingBox": [
            -225.7949981689453,
            225.7949981689453,
            490.6229553222656,
            503.3229675292969,
            -211.0326690673828,
            -198.42526245117188
        ],
        "parts": [
            {
                "boundingBox": [
                    -225.7949981689453,
                    225.7949981689453,
                    490.6229553222656,
                    503.3229675292969,
                    -211.0326690673828,
                    -198.42526245117188
                ],
                "edge_indices": "blob7/elem55",
                "face_ids": "blob7/elem56",
                "face_indices": "blob7/elem57",
                "face_normals": "blob7/norm7",
                "face_vertices": "blob7/node7",
                "geomid": 7,
                "id": 7,
                "line_indices": "blob7/elem58",
                "name": "LU-00240",
                "solid_ids": "blob7/elem59",
                "type": 1,
                "vertex_ids": "blob7/elem60",
                "vertex_indices": "blob7/elem61",
                "wire_ids": "blob7/elem62",
                "wire_indices": "blob7/elem63"
            }
        ],
        "transform": [
            1.0,
            0.0,
            0.0,
            0.0,
            0.0,
            1.0,
            0.0,
            0.0,
            0.0,
            0.0,
            1.0,
            0.0,
            0.0,
            0.0,
            0.0,
            1.0
        ]
    },
    "model_scalars": [],
    "name": "/home/yanglu/Data/hub/044p.stp",
    "pointSize": 0,
    "type": "stp",
    "version": "20.4.0"
}