{
    "cellSize": 0,
    "gridType": "Unstructured Grid",
    "model": {
        "boundingBox": [
            -225.7949981689453,
            225.7949981689453,
            749.437255859375,
            762.1372680664063,
            -331.7197570800781,
            -319.11236572265625
        ],
        "parts": [
            {
                "boundingBox": [
                    -225.7949981689453,
                    225.7949981689453,
                    749.437255859375,
                    762.1372680664063,
                    -331.7197570800781,
                    -319.11236572265625
                ],
                "edge_indices": "blob8/elem64",
                "face_ids": "blob8/elem65",
                "face_indices": "blob8/elem66",
                "face_normals": "blob8/norm8",
                "face_vertices": "blob8/node8",
                "geomid": 8,
                "id": 8,
                "line_indices": "blob8/elem67",
                "name": "LU-00241",
                "solid_ids": "blob8/elem68",
                "type": 1,
                "vertex_ids": "blob8/elem69",
                "vertex_indices": "blob8/elem70",
                "wire_ids": "blob8/elem71",
                "wire_indices": "blob8/elem72"
            }
        ],
        "transform": [
            1.0,
            0.0,
            0.0,
            0.0,
            0.0,
            1.0,
            0.0,
            0.0,
            0.0,
            0.0,
            1.0,
            0.0,
            0.0,
            0.0,
            0.0,
            1.0
        ]
    },
    "model_scalars": [],
    "name": "/home/yanglu/Data/hub/044p.stp",
    "pointSize": 0,
    "type": "stp",
    "version": "20.4.0"
}