{
    "cellSize": 0,
    "gridType": "Unstructured Grid",
    "model": {
        "boundingBox": [
            -197.5500030517578,
            197.5500030517578,
            -3.174999952316284,
            15.875,
            -3.151850700378418,
            3.151850700378418
        ],
        "parts": [
            {
                "boundingBox": [
                    -197.5500030517578,
                    197.5500030517578,
                    -3.174999952316284,
                    15.875,
                    -3.151850700378418,
                    3.151850700378418
                ],
                "edge_indices": "blob28/elem244",
                "face_ids": "blob28/elem245",
                "face_indices": "blob28/elem246",
                "face_normals": "blob28/norm28",
                "face_vertices": "blob28/node28",
                "geomid": 28,
                "id": 28,
                "line_indices": "blob28/elem247",
                "name": "TE-001",
                "solid_ids": "blob28/elem248",
                "type": 1,
                "vertex_ids": "blob28/elem249",
                "vertex_indices": "blob28/elem250",
                "wire_ids": "blob28/elem251",
                "wire_indices": "blob28/elem252"
            }
        ],
        "transform": [
            1.0,
            0.0,
            0.0,
            0.0,
            0.0,
            1.0,
            0.0,
            0.0,
            0.0,
            0.0,
            1.0,
            0.0,
            0.0,
            0.0,
            0.0,
            1.0
        ]
    },
    "model_scalars": [],
    "name": "/home/yanglu/Data/hub/044p.stp",
    "pointSize": 0,
    "type": "stp",
    "version": "20.4.0"
}