{
    "cellSize": 0,
    "gridType": "Unstructured Grid",
    "model": {
        "boundingBox": [
            -6.349999904632568,
            6.349999904632568,
            -225.7949981689453,
            225.7949981689453,
            422.7312927246094,
            435.3387145996094
        ],
        "parts": [
            {
                "boundingBox": [
                    -6.349999904632568,
                    6.349999904632568,
                    -225.7949981689453,
                    225.7949981689453,
                    422.7312927246094,
                    435.3387145996094
                ],
                "edge_indices": "blob4/elem28",
                "face_ids": "blob4/elem29",
                "face_indices": "blob4/elem30",
                "face_normals": "blob4/norm4",
                "face_vertices": "blob4/node4",
                "geomid": 4,
                "id": 4,
                "line_indices": "blob4/elem31",
                "name": "LU-002",
                "solid_ids": "blob4/elem32",
                "type": 1,
                "vertex_ids": "blob4/elem33",
                "vertex_indices": "blob4/elem34",
                "wire_ids": "blob4/elem35",
                "wire_indices": "blob4/elem36"
            }
        ],
        "transform": [
            1.0,
            0.0,
            0.0,
            0.0,
            0.0,
            1.0,
            0.0,
            0.0,
            0.0,
            0.0,
            1.0,
            0.0,
            0.0,
            0.0,
            0.0,
            1.0
        ]
    },
    "model_scalars": [],
    "name": "/home/yanglu/Data/hub/044p.stp",
    "pointSize": 0,
    "type": "stp",
    "version": "20.4.0"
}