{
    "cellSize": 0,
    "gridType": "Unstructured Grid",
    "model": {
        "boundingBox": [
            -166.5,
            166.5,
            208.58363342285156,
            209.58363342285156,
            -161.72691345214844,
            -101.7269058227539
        ],
        "parts": [
            {
                "boundingBox": [
                    -166.5,
                    166.5,
                    208.58363342285156,
                    209.58363342285156,
                    -161.72691345214844,
                    -101.7269058227539
                ],
                "edge_indices": "blob27/elem235",
                "face_ids": "blob27/elem236",
                "face_indices": "blob27/elem237",
                "face_normals": "blob27/norm27",
                "face_vertices": "blob27/node27",
                "geomid": 27,
                "id": 27,
                "line_indices": "blob27/elem238",
                "name": "SU-008",
                "solid_ids": "blob27/elem239",
                "type": 1,
                "vertex_ids": "blob27/elem240",
                "vertex_indices": "blob27/elem241",
                "wire_ids": "blob27/elem242",
                "wire_indices": "blob27/elem243"
            }
        ],
        "transform": [
            1.0,
            0.0,
            0.0,
            0.0,
            0.0,
            1.0,
            0.0,
            0.0,
            0.0,
            0.0,
            1.0,
            0.0,
            0.0,
            0.0,
            0.0,
            1.0
        ]
    },
    "model_scalars": [],
    "name": "/home/yanglu/Data/hub/044p.stp",
    "pointSize": 0,
    "type": "stp",
    "version": "20.4.0"
}