{
    "cellSize": 0,
    "gridType": "Unstructured Grid",
    "model": {
        "boundingBox": [
            -228.580078125,
            -206.38308715820313,
            8.105081558227539,
            1082.3988037109375,
            -485.590087890625,
            31.10640525817871
        ],
        "parts": [
            {
                "boundingBox": [
                    -228.580078125,
                    -206.38308715820313,
                    8.105081558227539,
                    1082.3988037109375,
                    -485.590087890625,
                    31.10640525817871
                ],
                "edge_indices": "blob10/elem82",
                "face_ids": "blob10/elem83",
                "face_indices": "blob10/elem84",
                "face_normals": "blob10/norm10",
                "face_vertices": "blob10/node10",
                "geomid": 10,
                "id": 10,
                "line_indices": "blob10/elem85",
                "name": "LU-0036",
                "solid_ids": "blob10/elem86",
                "type": 1,
                "vertex_ids": "blob10/elem87",
                "vertex_indices": "blob10/elem88",
                "wire_ids": "blob10/elem89",
                "wire_indices": "blob10/elem90"
            }
        ],
        "transform": [
            1.0,
            0.0,
            0.0,
            0.0,
            0.0,
            1.0,
            0.0,
            0.0,
            0.0,
            0.0,
            1.0,
            0.0,
            0.0,
            0.0,
            0.0,
            1.0
        ]
    },
    "model_scalars": [],
    "name": "/home/yanglu/Data/hub/044p.stp",
    "pointSize": 0,
    "type": "stp",
    "version": "20.4.0"
}