{
    "cellSize": 0,
    "gridType": "Unstructured Grid",
    "model": {
        "boundingBox": [
            -225.7949981689453,
            225.7949981689453,
            492.22296142578125,
            501.72296142578125,
            -209.4443359375,
            -200.0135955810547
        ],
        "parts": [
            {
                "boundingBox": [
                    -225.7949981689453,
                    225.7949981689453,
                    492.22296142578125,
                    501.72296142578125,
                    -209.4443359375,
                    -200.0135955810547
                ],
                "edge_indices": "blob45/elem397",
                "face_ids": "blob45/elem398",
                "face_indices": "blob45/elem399",
                "face_normals": "blob45/norm45",
                "face_vertices": "blob45/node45",
                "geomid": 45,
                "id": 45,
                "line_indices": "blob45/elem400",
                "name": "TE-01045",
                "solid_ids": "blob45/elem401",
                "type": 1,
                "vertex_ids": "blob45/elem402",
                "vertex_indices": "blob45/elem403",
                "wire_ids": "blob45/elem404",
                "wire_indices": "blob45/elem405"
            }
        ],
        "transform": [
            1.0,
            0.0,
            0.0,
            0.0,
            0.0,
            1.0,
            0.0,
            0.0,
            0.0,
            0.0,
            1.0,
            0.0,
            0.0,
            0.0,
            0.0,
            1.0
        ]
    },
    "model_scalars": [],
    "name": "/home/yanglu/Data/hub/044p.stp",
    "pointSize": 0,
    "type": "stp",
    "version": "20.4.0"
}