{
    "cellSize": 0,
    "gridType": "Unstructured Grid",
    "model": {
        "boundingBox": [
            -1.5,
            1.5,
            127.33139038085938,
            205.0,
            -201.3249969482422,
            -123.6563949584961
        ],
        "parts": [
            {
                "boundingBox": [
                    -1.5,
                    1.5,
                    127.33139038085938,
                    205.0,
                    -201.3249969482422,
                    -123.6563949584961
                ],
                "edge_indices": "blob13/elem109",
                "face_ids": "blob13/elem110",
                "face_indices": "blob13/elem111",
                "face_normals": "blob13/norm13",
                "face_vertices": "blob13/node13",
                "geomid": 13,
                "id": 13,
                "line_indices": "blob13/elem112",
                "name": "LU-006",
                "solid_ids": "blob13/elem113",
                "type": 1,
                "vertex_ids": "blob13/elem114",
                "vertex_indices": "blob13/elem115",
                "wire_ids": "blob13/elem116",
                "wire_indices": "blob13/elem117"
            }
        ],
        "transform": [
            1.0,
            0.0,
            0.0,
            0.0,
            0.0,
            1.0,
            0.0,
            0.0,
            0.0,
            0.0,
            1.0,
            0.0,
            0.0,
            0.0,
            0.0,
            1.0
        ]
    },
    "model_scalars": [],
    "name": "/home/yanglu/Data/hub/044p.stp",
    "pointSize": 0,
    "type": "stp",
    "version": "20.4.0"
}