{
    "cellSize": 0,
    "gridType": "Unstructured Grid",
    "model": {
        "boundingBox": [
            -229.9974365234375,
            229.99725341796875,
            6.511328220367432,
            1038.6728515625,
            -712.0145874023438,
            -473.4844970703125
        ],
        "parts": [
            {
                "boundingBox": [
                    -229.9974365234375,
                    229.99725341796875,
                    6.511328220367432,
                    1038.6728515625,
                    -712.0145874023438,
                    -473.4844970703125
                ],
                "edge_indices": "blob1/elem1",
                "face_ids": "blob1/elem2",
                "face_indices": "blob1/elem3",
                "face_normals": "blob1/norm1",
                "face_vertices": "blob1/node1",
                "geomid": 1,
                "id": 1,
                "line_indices": "blob1/elem4",
                "name": "HJ-001",
                "solid_ids": "blob1/elem5",
                "type": 1,
                "vertex_ids": "blob1/elem6",
                "vertex_indices": "blob1/elem7",
                "wire_ids": "blob1/elem8",
                "wire_indices": "blob1/elem9"
            }
        ],
        "transform": [
            1.0,
            0.0,
            0.0,
            0.0,
            0.0,
            1.0,
            0.0,
            0.0,
            0.0,
            0.0,
            1.0,
            0.0,
            0.0,
            0.0,
            0.0,
            1.0
        ]
    },
    "model_scalars": [],
    "name": "/home/yanglu/Data/hub/044p.stp",
    "pointSize": 0,
    "type": "stp",
    "version": "20.4.0"
}