{
    "cellSize": 0,
    "gridType": "Unstructured Grid",
    "model": {
        "boundingBox": [
            -4.75,
            4.75,
            -225.7949981689453,
            225.7949981689453,
            424.31964111328125,
            433.7503662109375
        ],
        "parts": [
            {
                "boundingBox": [
                    -4.75,
                    4.75,
                    -225.7949981689453,
                    225.7949981689453,
                    424.31964111328125,
                    433.7503662109375
                ],
                "edge_indices": "blob43/elem379",
                "face_ids": "blob43/elem380",
                "face_indices": "blob43/elem381",
                "face_normals": "blob43/norm43",
                "face_vertices": "blob43/node43",
                "geomid": 43,
                "id": 43,
                "line_indices": "blob43/elem382",
                "name": "TE-010",
                "solid_ids": "blob43/elem383",
                "type": 1,
                "vertex_ids": "blob43/elem384",
                "vertex_indices": "blob43/elem385",
                "wire_ids": "blob43/elem386",
                "wire_indices": "blob43/elem387"
            }
        ],
        "transform": [
            1.0,
            0.0,
            0.0,
            0.0,
            0.0,
            1.0,
            0.0,
            0.0,
            0.0,
            0.0,
            1.0,
            0.0,
            0.0,
            0.0,
            0.0,
            1.0
        ]
    },
    "model_scalars": [],
    "name": "/home/yanglu/Data/hub/044p.stp",
    "pointSize": 0,
    "type": "stp",
    "version": "20.4.0"
}