{
    "cellSize": 0,
    "gridType": "Unstructured Grid",
    "model": {
        "boundingBox": [
            201.7727508544922,
            233.22726440429688,
            1000.25537109375,
            1083.9166259765625,
            -505.7369384765625,
            -422.2823791503906
        ],
        "parts": [
            {
                "boundingBox": [
                    201.7727508544922,
                    233.22726440429688,
                    1000.25537109375,
                    1083.9166259765625,
                    -505.7369384765625,
                    -422.2823791503906
                ],
                "edge_indices": "blob23/elem199",
                "face_ids": "blob23/elem200",
                "face_indices": "blob23/elem201",
                "face_normals": "blob23/norm23",
                "face_vertices": "blob23/node23",
                "geomid": 23,
                "id": 23,
                "line_indices": "blob23/elem202",
                "name": "SU-006",
                "solid_ids": "blob23/elem203",
                "type": 1,
                "vertex_ids": "blob23/elem204",
                "vertex_indices": "blob23/elem205",
                "wire_ids": "blob23/elem206",
                "wire_indices": "blob23/elem207"
            }
        ],
        "transform": [
            1.0,
            0.0,
            0.0,
            0.0,
            0.0,
            1.0,
            0.0,
            0.0,
            0.0,
            0.0,
            1.0,
            0.0,
            0.0,
            0.0,
            0.0,
            1.0
        ]
    },
    "model_scalars": [],
    "name": "/home/yanglu/Data/hub/044p.stp",
    "pointSize": 0,
    "type": "stp",
    "version": "20.4.0"
}