{
    "cellSize": 0,
    "gridType": "Unstructured Grid",
    "model": {
        "boundingBox": [
            -245.00753784179688,
            -189.94918823242188,
            -9.467925110584474e-09,
            63.487918853759766,
            -12.379353523254395,
            48.73978805541992
        ],
        "parts": [
            {
                "boundingBox": [
                    -245.00753784179688,
                    -189.94918823242188,
                    -9.467925110584474e-09,
                    63.487918853759766,
                    -12.379353523254395,
                    48.73978805541992
                ],
                "edge_indices": "blob20/elem172",
                "face_ids": "blob20/elem173",
                "face_indices": "blob20/elem174",
                "face_normals": "blob20/norm20",
                "face_vertices": "blob20/node20",
                "geomid": 20,
                "id": 20,
                "line_indices": "blob20/elem175",
                "name": "SU-00429",
                "solid_ids": "blob20/elem176",
                "type": 1,
                "vertex_ids": "blob20/elem177",
                "vertex_indices": "blob20/elem178",
                "wire_ids": "blob20/elem179",
                "wire_indices": "blob20/elem180"
            }
        ],
        "transform": [
            1.0,
            0.0,
            0.0,
            0.0,
            0.0,
            1.0,
            0.0,
            0.0,
            0.0,
            0.0,
            1.0,
            0.0,
            0.0,
            0.0,
            0.0,
            1.0
        ]
    },
    "model_scalars": [],
    "name": "/home/yanglu/Data/hub/044p.stp",
    "pointSize": 0,
    "type": "stp",
    "version": "20.4.0"
}