{
    "cellSize": 0,
    "gridType": "Unstructured Grid",
    "model": {
        "boundingBox": [
            -1.5,
            1.5,
            127.33139038085938,
            205.0,
            345.0163879394531,
            422.68499755859375
        ],
        "parts": [
            {
                "boundingBox": [
                    -1.5,
                    1.5,
                    127.33139038085938,
                    205.0,
                    345.0163879394531,
                    422.68499755859375
                ],
                "edge_indices": "blob16/elem136",
                "face_ids": "blob16/elem137",
                "face_indices": "blob16/elem138",
                "face_normals": "blob16/norm16",
                "face_vertices": "blob16/node16",
                "geomid": 16,
                "id": 16,
                "line_indices": "blob16/elem139",
                "name": "LU-00614",
                "solid_ids": "blob16/elem140",
                "type": 1,
                "vertex_ids": "blob16/elem141",
                "vertex_indices": "blob16/elem142",
                "wire_ids": "blob16/elem143",
                "wire_indices": "blob16/elem144"
            }
        ],
        "transform": [
            1.0,
            0.0,
            0.0,
            0.0,
            0.0,
            1.0,
            0.0,
            0.0,
            0.0,
            0.0,
            1.0,
            0.0,
            0.0,
            0.0,
            0.0,
            1.0
        ]
    },
    "model_scalars": [],
    "name": "/home/yanglu/Data/hub/044p.stp",
    "pointSize": 0,
    "type": "stp",
    "version": "20.4.0"
}