{
    "index_lists": [
        {
            "mesh_name": "HJ-001",
            "metadata_name": "metadata1.json"
        },
        {
            "mesh_name": "HJ-002",
            "metadata_name": "metadata2.json"
        },
        {
            "mesh_name": "LU-001",
            "metadata_name": "metadata3.json"
        },
        {
            "mesh_name": "LU-002",
            "metadata_name": "metadata4.json"
        },
        {
            "mesh_name": "LU-00210",
            "metadata_name": "metadata5.json"
        },
        {
            "mesh_name": "LU-00239",
            "metadata_name": "metadata6.json"
        },
        {
            "mesh_name": "LU-00240",
            "metadata_name": "metadata7.json"
        },
        {
            "mesh_name": "LU-00241",
            "metadata_name": "metadata8.json"
        },
        {
            "mesh_name": "LU-003",
            "metadata_name": "metadata9.json"
        },
        {
            "mesh_name": "LU-0036",
            "metadata_name": "metadata10.json"
        },
        {
            "mesh_name": "LU-004",
            "metadata_name": "metadata11.json"
        },
        {
            "mesh_name": "LU-005",
            "metadata_name": "metadata12.json"
        },
        {
            "mesh_name": "LU-006",
            "metadata_name": "metadata13.json"
        },
        {
            "mesh_name": "LU-00612",
            "metadata_name": "metadata14.json"
        },
        {
            "mesh_name": "LU-00613",
            "metadata_name": "metadata15.json"
        },
        {
            "mesh_name": "LU-00614",
            "metadata_name": "metadata16.json"
        },
        {
            "mesh_name": "SU-001",
            "metadata_name": "metadata17.json"
        },
        {
            "mesh_name": "SU-002",
            "metadata_name": "metadata18.json"
        },
        {
            "mesh_name": "SU-004",
            "metadata_name": "metadata19.json"
        },
        {
            "mesh_name": "SU-00429",
            "metadata_name": "metadata20.json"
        },
        {
            "mesh_name": "SU-005",
            "metadata_name": "metadata21.json"
        },
        {
            "mesh_name": "SU-00518",
            "metadata_name": "metadata22.json"
        },
        {
            "mesh_name": "SU-006",
            "metadata_name": "metadata23.json"
        },
        {
            "mesh_name": "SU-00630",
            "metadata_name": "metadata24.json"
        },
        {
            "mesh_name": "SU-007",
            "metadata_name": "metadata25.json"
        },
        {
            "mesh_name": "SU-00742",
            "metadata_name": "metadata26.json"
        },
        {
            "mesh_name": "SU-008",
            "metadata_name": "metadata27.json"
        },
        {
            "mesh_name": "TE-001",
            "metadata_name": "metadata28.json"
        },
        {
            "mesh_name": "TE-002",
            "metadata_name": "metadata29.json"
        },
        {
            "mesh_name": "TE-00234",
            "metadata_name": "metadata30.json"
        },
        {
            "mesh_name": "TE-003",
            "metadata_name": "metadata31.json"
        },
        {
            "mesh_name": "TE-00333",
            "metadata_name": "metadata32.json"
        },
        {
            "mesh_name": "TE-004",
            "metadata_name": "metadata33.json"
        },
        {
            "mesh_name": "TE-005",
            "metadata_name": "metadata34.json"
        },
        {
            "mesh_name": "TE-006",
            "metadata_name": "metadata35.json"
        },
        {
            "mesh_name": "TE-00628",
            "metadata_name": "metadata36.json"
        },
        {
            "mesh_name": "TE-007",
            "metadata_name": "metadata37.json"
        },
        {
            "mesh_name": "TE-00736",
            "metadata_name": "metadata38.json"
        },
        {
            "mesh_name": "TE-00737",
            "metadata_name": "metadata39.json"
        },
        {
            "mesh_name": "TE-00738",
            "metadata_name": "metadata40.json"
        },
        {
            "mesh_name": "TE-008",
            "metadata_name": "metadata41.json"
        },
        {
            "mesh_name": "TE-009",
            "metadata_name": "metadata42.json"
        },
        {
            "mesh_name": "TE-010",
            "metadata_name": "metadata43.json"
        },
        {
            "mesh_name": "TE-01044",
            "metadata_name": "metadata44.json"
        },
        {
            "mesh_name": "TE-01045",
            "metadata_name": "metadata45.json"
        }
    ]
}