{
    "cellSize": 0,
    "gridType": "Unstructured Grid",
    "model": {
        "boundingBox": [
            -204.08900451660156,
            204.08900451660156,
            465.095947265625,
            517.6231689453125,
            -320.4949645996094,
            -177.86300659179688
        ],
        "parts": [
            {
                "boundingBox": [
                    -204.08900451660156,
                    204.08900451660156,
                    465.095947265625,
                    517.6231689453125,
                    -320.4949645996094,
                    -177.86300659179688
                ],
                "edge_indices": "blob26/elem226",
                "face_ids": "blob26/elem227",
                "face_indices": "blob26/elem228",
                "face_normals": "blob26/norm26",
                "face_vertices": "blob26/node26",
                "geomid": 26,
                "id": 26,
                "line_indices": "blob26/elem229",
                "name": "SU-00742",
                "solid_ids": "blob26/elem230",
                "type": 1,
                "vertex_ids": "blob26/elem231",
                "vertex_indices": "blob26/elem232",
                "wire_ids": "blob26/elem233",
                "wire_indices": "blob26/elem234"
            }
        ],
        "transform": [
            1.0,
            0.0,
            0.0,
            0.0,
            0.0,
            1.0,
            0.0,
            0.0,
            0.0,
            0.0,
            1.0,
            0.0,
            0.0,
            0.0,
            0.0,
            1.0
        ]
    },
    "model_scalars": [],
    "name": "/home/yanglu/Data/hub/044p.stp",
    "pointSize": 0,
    "type": "stp",
    "version": "20.4.0"
}