{
    "cellSize": 0,
    "gridType": "Unstructured Grid",
    "model": {
        "boundingBox": [
            190.50405883789063,
            244.49594116210938,
            0.0315244123339653,
            60.44955062866211,
            -722.0228881835938,
            -676.0433349609375
        ],
        "parts": [
            {
                "boundingBox": [
                    190.50405883789063,
                    244.49594116210938,
                    0.0315244123339653,
                    60.44955062866211,
                    -722.0228881835938,
                    -676.0433349609375
                ],
                "edge_indices": "blob22/elem190",
                "face_ids": "blob22/elem191",
                "face_indices": "blob22/elem192",
                "face_normals": "blob22/norm22",
                "face_vertices": "blob22/node22",
                "geomid": 22,
                "id": 22,
                "line_indices": "blob22/elem193",
                "name": "SU-00518",
                "solid_ids": "blob22/elem194",
                "type": 1,
                "vertex_ids": "blob22/elem195",
                "vertex_indices": "blob22/elem196",
                "wire_ids": "blob22/elem197",
                "wire_indices": "blob22/elem198"
            }
        ],
        "transform": [
            1.0,
            0.0,
            0.0,
            0.0,
            0.0,
            1.0,
            0.0,
            0.0,
            0.0,
            0.0,
            1.0,
            0.0,
            0.0,
            0.0,
            0.0,
            1.0
        ]
    },
    "model_scalars": [],
    "name": "/home/yanglu/Data/hub/044p.stp",
    "pointSize": 0,
    "type": "stp",
    "version": "20.4.0"
}