{
    "cellSize": 0,
    "gridType": "Unstructured Grid",
    "model": {
        "boundingBox": [
            -225.7949981689453,
            225.7949981689453,
            233.4086456298828,
            242.9086456298828,
            -88.75723266601563,
            -79.32649993896484
        ],
        "parts": [
            {
                "boundingBox": [
                    -225.7949981689453,
                    225.7949981689453,
                    233.4086456298828,
                    242.9086456298828,
                    -88.75723266601563,
                    -79.32649993896484
                ],
                "edge_indices": "blob44/elem388",
                "face_ids": "blob44/elem389",
                "face_indices": "blob44/elem390",
                "face_normals": "blob44/norm44",
                "face_vertices": "blob44/node44",
                "geomid": 44,
                "id": 44,
                "line_indices": "blob44/elem391",
                "name": "TE-01044",
                "solid_ids": "blob44/elem392",
                "type": 1,
                "vertex_ids": "blob44/elem393",
                "vertex_indices": "blob44/elem394",
                "wire_ids": "blob44/elem395",
                "wire_indices": "blob44/elem396"
            }
        ],
        "transform": [
            1.0,
            0.0,
            0.0,
            0.0,
            0.0,
            1.0,
            0.0,
            0.0,
            0.0,
            0.0,
            1.0,
            0.0,
            0.0,
            0.0,
            0.0,
            1.0
        ]
    },
    "model_scalars": [],
    "name": "/home/yanglu/Data/hub/044p.stp",
    "pointSize": 0,
    "type": "stp",
    "version": "20.4.0"
}