{
    "cellSize": 0,
    "gridType": "Unstructured Grid",
    "model": {
        "boundingBox": [
            -230.0,
            -205.0,
            5.532282829284668,
            11.602372169494629,
            -712.2182006835938,
            -687.5384521484375
        ],
        "parts": [
            {
                "boundingBox": [
                    -230.0,
                    -205.0,
                    5.532282829284668,
                    11.602372169494629,
                    -712.2182006835938,
                    -687.5384521484375
                ],
                "edge_indices": "blob39/elem343",
                "face_ids": "blob39/elem344",
                "face_indices": "blob39/elem345",
                "face_normals": "blob39/norm39",
                "face_vertices": "blob39/node39",
                "geomid": 39,
                "id": 39,
                "line_indices": "blob39/elem346",
                "name": "TE-00737",
                "solid_ids": "blob39/elem347",
                "type": 1,
                "vertex_ids": "blob39/elem348",
                "vertex_indices": "blob39/elem349",
                "wire_ids": "blob39/elem350",
                "wire_indices": "blob39/elem351"
            }
        ],
        "transform": [
            1.0,
            0.0,
            0.0,
            0.0,
            0.0,
            1.0,
            0.0,
            0.0,
            0.0,
            0.0,
            1.0,
            0.0,
            0.0,
            0.0,
            0.0,
            1.0
        ]
    },
    "model_scalars": [],
    "name": "/home/yanglu/Data/hub/044p.stp",
    "pointSize": 0,
    "type": "stp",
    "version": "20.4.0"
}