{
    "cellSize": 0,
    "gridType": "Unstructured Grid",
    "model": {
        "boundingBox": [
            -195.22250366210938,
            -192.72250366210938,
            219.135009765625,
            749.4199829101563,
            -427.0090637207031,
            -172.95310974121094
        ],
        "parts": [
            {
                "boundingBox": [
                    -195.22250366210938,
                    -192.72250366210938,
                    219.135009765625,
                    749.4199829101563,
                    -427.0090637207031,
                    -172.95310974121094
                ],
                "edge_indices": "blob36/elem316",
                "face_ids": "blob36/elem317",
                "face_indices": "blob36/elem318",
                "face_normals": "blob36/norm36",
                "face_vertices": "blob36/node36",
                "geomid": 36,
                "id": 36,
                "line_indices": "blob36/elem319",
                "name": "TE-00628",
                "solid_ids": "blob36/elem320",
                "type": 1,
                "vertex_ids": "blob36/elem321",
                "vertex_indices": "blob36/elem322",
                "wire_ids": "blob36/elem323",
                "wire_indices": "blob36/elem324"
            }
        ],
        "transform": [
            1.0,
            0.0,
            0.0,
            0.0,
            0.0,
            1.0,
            0.0,
            0.0,
            0.0,
            0.0,
            1.0,
            0.0,
            0.0,
            0.0,
            0.0,
            1.0
        ]
    },
    "model_scalars": [],
    "name": "/home/yanglu/Data/hub/044p.stp",
    "pointSize": 0,
    "type": "stp",
    "version": "20.4.0"
}