{
    "cellSize": 0,
    "gridType": "Unstructured Grid",
    "model": {
        "boundingBox": [
            -233.20724487304688,
            -201.7527313232422,
            1000.25537109375,
            1083.9166259765625,
            -505.7369384765625,
            -422.2823791503906
        ],
        "parts": [
            {
                "boundingBox": [
                    -233.20724487304688,
                    -201.7527313232422,
                    1000.25537109375,
                    1083.9166259765625,
                    -505.7369384765625,
                    -422.2823791503906
                ],
                "edge_indices": "blob24/elem208",
                "face_ids": "blob24/elem209",
                "face_indices": "blob24/elem210",
                "face_normals": "blob24/norm24",
                "face_vertices": "blob24/node24",
                "geomid": 24,
                "id": 24,
                "line_indices": "blob24/elem211",
                "name": "SU-00630",
                "solid_ids": "blob24/elem212",
                "type": 1,
                "vertex_ids": "blob24/elem213",
                "vertex_indices": "blob24/elem214",
                "wire_ids": "blob24/elem215",
                "wire_indices": "blob24/elem216"
            }
        ],
        "transform": [
            1.0,
            0.0,
            0.0,
            0.0,
            0.0,
            1.0,
            0.0,
            0.0,
            0.0,
            0.0,
            1.0,
            0.0,
            0.0,
            0.0,
            0.0,
            1.0
        ]
    },
    "model_scalars": [],
    "name": "/home/yanglu/Data/hub/044p.stp",
    "pointSize": 0,
    "type": "stp",
    "version": "20.4.0"
}