{
    "cellSize": 0,
    "gridType": "Unstructured Grid",
    "model": {
        "boundingBox": [
            182.87100219726563,
            199.7209930419922,
            745.1212158203125,
            762.3045043945313,
            -549.3433837890625,
            -514.552734375
        ],
        "parts": [
            {
                "boundingBox": [
                    182.87100219726563,
                    199.7209930419922,
                    745.1212158203125,
                    762.3045043945313,
                    -549.3433837890625,
                    -514.552734375
                ],
                "edge_indices": "blob41/elem361",
                "face_ids": "blob41/elem362",
                "face_indices": "blob41/elem363",
                "face_normals": "blob41/norm41",
                "face_vertices": "blob41/node41",
                "geomid": 41,
                "id": 41,
                "line_indices": "blob41/elem364",
                "name": "TE-008",
                "solid_ids": "blob41/elem365",
                "type": 1,
                "vertex_ids": "blob41/elem366",
                "vertex_indices": "blob41/elem367",
                "wire_ids": "blob41/elem368",
                "wire_indices": "blob41/elem369"
            }
        ],
        "transform": [
            1.0,
            0.0,
            0.0,
            0.0,
            0.0,
            1.0,
            0.0,
            0.0,
            0.0,
            0.0,
            1.0,
            0.0,
            0.0,
            0.0,
            0.0,
            1.0
        ]
    },
    "model_scalars": [],
    "name": "/home/yanglu/Data/hub/044p.stp",
    "pointSize": 0,
    "type": "stp",
    "version": "20.4.0"
}