{
    "cellSize": 0,
    "gridType": "Unstructured Grid",
    "model": {
        "boundingBox": [
            -244.49594116210938,
            -190.50405883789063,
            0.0315244123339653,
            60.44955062866211,
            -722.0228881835938,
            -676.0433349609375
        ],
        "parts": [
            {
                "boundingBox": [
                    -244.49594116210938,
                    -190.50405883789063,
                    0.0315244123339653,
                    60.44955062866211,
                    -722.0228881835938,
                    -676.0433349609375
                ],
                "edge_indices": "blob21/elem181",
                "face_ids": "blob21/elem182",
                "face_indices": "blob21/elem183",
                "face_normals": "blob21/norm21",
                "face_vertices": "blob21/node21",
                "geomid": 21,
                "id": 21,
                "line_indices": "blob21/elem184",
                "name": "SU-005",
                "solid_ids": "blob21/elem185",
                "type": 1,
                "vertex_ids": "blob21/elem186",
                "vertex_indices": "blob21/elem187",
                "wire_ids": "blob21/elem188",
                "wire_indices": "blob21/elem189"
            }
        ],
        "transform": [
            1.0,
            0.0,
            0.0,
            0.0,
            0.0,
            1.0,
            0.0,
            0.0,
            0.0,
            0.0,
            1.0,
            0.0,
            0.0,
            0.0,
            0.0,
            1.0
        ]
    },
    "model_scalars": [],
    "name": "/home/yanglu/Data/hub/044p.stp",
    "pointSize": 0,
    "type": "stp",
    "version": "20.4.0"
}