{
    "cellSize": 0,
    "gridType": "Unstructured Grid",
    "model": {
        "boundingBox": [
            -199.7209930419922,
            -182.87100219726563,
            745.1212158203125,
            762.3045043945313,
            -549.3433837890625,
            -514.552734375
        ],
        "parts": [
            {
                "boundingBox": [
                    -199.7209930419922,
                    -182.87100219726563,
                    745.1212158203125,
                    762.3045043945313,
                    -549.3433837890625,
                    -514.552734375
                ],
                "edge_indices": "blob42/elem370",
                "face_ids": "blob42/elem371",
                "face_indices": "blob42/elem372",
                "face_normals": "blob42/norm42",
                "face_vertices": "blob42/node42",
                "geomid": 42,
                "id": 42,
                "line_indices": "blob42/elem373",
                "name": "TE-009",
                "solid_ids": "blob42/elem374",
                "type": 1,
                "vertex_ids": "blob42/elem375",
                "vertex_indices": "blob42/elem376",
                "wire_ids": "blob42/elem377",
                "wire_indices": "blob42/elem378"
            }
        ],
        "transform": [
            1.0,
            0.0,
            0.0,
            0.0,
            0.0,
            1.0,
            0.0,
            0.0,
            0.0,
            0.0,
            1.0,
            0.0,
            0.0,
            0.0,
            0.0,
            1.0
        ]
    },
    "model_scalars": [],
    "name": "/home/yanglu/Data/hub/044p.stp",
    "pointSize": 0,
    "type": "stp",
    "version": "20.4.0"
}