{
    "cellSize": 0,
    "gridType": "Unstructured Grid",
    "model": {
        "boundingBox": [
            -229.97999572753906,
            230.0,
            7.551932334899902,
            1225.00732421875,
            -550.8604736328125,
            32.29263687133789
        ],
        "parts": [
            {
                "boundingBox": [
                    -229.97999572753906,
                    230.0,
                    7.551932334899902,
                    1225.00732421875,
                    -550.8604736328125,
                    32.29263687133789
                ],
                "edge_indices": "blob3/elem19",
                "face_ids": "blob3/elem20",
                "face_indices": "blob3/elem21",
                "face_normals": "blob3/norm3",
                "face_vertices": "blob3/node3",
                "geomid": 3,
                "id": 3,
                "line_indices": "blob3/elem22",
                "name": "LU-001",
                "solid_ids": "blob3/elem23",
                "type": 1,
                "vertex_ids": "blob3/elem24",
                "vertex_indices": "blob3/elem25",
                "wire_ids": "blob3/elem26",
                "wire_indices": "blob3/elem27"
            }
        ],
        "transform": [
            1.0,
            0.0,
            0.0,
            0.0,
            0.0,
            1.0,
            0.0,
            0.0,
            0.0,
            0.0,
            1.0,
            0.0,
            0.0,
            0.0,
            0.0,
            1.0
        ]
    },
    "model_scalars": [],
    "name": "/home/yanglu/Data/hub/044p.stp",
    "pointSize": 0,
    "type": "stp",
    "version": "20.4.0"
}