{
    "cellSize": 0,
    "gridType": "Unstructured Grid",
    "model": {
        "boundingBox": [
            206.40309143066406,
            228.60008239746094,
            8.105081558227539,
            1082.3988037109375,
            -485.590087890625,
            31.10640525817871
        ],
        "parts": [
            {
                "boundingBox": [
                    206.40309143066406,
                    228.60008239746094,
                    8.105081558227539,
                    1082.3988037109375,
                    -485.590087890625,
                    31.10640525817871
                ],
                "edge_indices": "blob9/elem73",
                "face_ids": "blob9/elem74",
                "face_indices": "blob9/elem75",
                "face_normals": "blob9/norm9",
                "face_vertices": "blob9/node9",
                "geomid": 9,
                "id": 9,
                "line_indices": "blob9/elem76",
                "name": "LU-003",
                "solid_ids": "blob9/elem77",
                "type": 1,
                "vertex_ids": "blob9/elem78",
                "vertex_indices": "blob9/elem79",
                "wire_ids": "blob9/elem80",
                "wire_indices": "blob9/elem81"
            }
        ],
        "transform": [
            1.0,
            0.0,
            0.0,
            0.0,
            0.0,
            1.0,
            0.0,
            0.0,
            0.0,
            0.0,
            1.0,
            0.0,
            0.0,
            0.0,
            0.0,
            1.0
        ]
    },
    "model_scalars": [],
    "name": "/home/yanglu/Data/hub/044p.stp",
    "pointSize": 0,
    "type": "stp",
    "version": "20.4.0"
}