{
    "cellSize": 0,
    "gridType": "Unstructured Grid",
    "model": {
        "boundingBox": [
            -6.349999904632568,
            6.349999904632568,
            -225.7949981689453,
            225.7949981689453,
            -213.97869873046875,
            -201.3712921142578
        ],
        "parts": [
            {
                "boundingBox": [
                    -6.349999904632568,
                    6.349999904632568,
                    -225.7949981689453,
                    225.7949981689453,
                    -213.97869873046875,
                    -201.3712921142578
                ],
                "edge_indices": "blob5/elem37",
                "face_ids": "blob5/elem38",
                "face_indices": "blob5/elem39",
                "face_normals": "blob5/norm5",
                "face_vertices": "blob5/node5",
                "geomid": 5,
                "id": 5,
                "line_indices": "blob5/elem40",
                "name": "LU-00210",
                "solid_ids": "blob5/elem41",
                "type": 1,
                "vertex_ids": "blob5/elem42",
                "vertex_indices": "blob5/elem43",
                "wire_ids": "blob5/elem44",
                "wire_indices": "blob5/elem45"
            }
        ],
        "transform": [
            1.0,
            0.0,
            0.0,
            0.0,
            0.0,
            1.0,
            0.0,
            0.0,
            0.0,
            0.0,
            1.0,
            0.0,
            0.0,
            0.0,
            0.0,
            1.0
        ]
    },
    "model_scalars": [],
    "name": "/home/yanglu/Data/hub/044p.stp",
    "pointSize": 0,
    "type": "stp",
    "version": "20.4.0"
}