{
    "cellSize": 0,
    "gridType": "Unstructured Grid",
    "model": {
        "boundingBox": [
            -203.39999389648438,
            -195.5800018310547,
            737.4461059570313,
            752.6383056640625,
            -553.6271362304688,
            -442.58660888671875
        ],
        "parts": [
            {
                "boundingBox": [
                    -203.39999389648438,
                    -195.5800018310547,
                    737.4461059570313,
                    752.6383056640625,
                    -553.6271362304688,
                    -442.58660888671875
                ],
                "edge_indices": "blob30/elem262",
                "face_ids": "blob30/elem263",
                "face_indices": "blob30/elem264",
                "face_normals": "blob30/norm30",
                "face_vertices": "blob30/node30",
                "geomid": 30,
                "id": 30,
                "line_indices": "blob30/elem265",
                "name": "TE-00234",
                "solid_ids": "blob30/elem266",
                "type": 1,
                "vertex_ids": "blob30/elem267",
                "vertex_indices": "blob30/elem268",
                "wire_ids": "blob30/elem269",
                "wire_indices": "blob30/elem270"
            }
        ],
        "transform": [
            1.0,
            0.0,
            0.0,
            0.0,
            0.0,
            1.0,
            0.0,
            0.0,
            0.0,
            0.0,
            1.0,
            0.0,
            0.0,
            0.0,
            0.0,
            1.0
        ]
    },
    "model_scalars": [],
    "name": "/home/yanglu/Data/hub/044p.stp",
    "pointSize": 0,
    "type": "stp",
    "version": "20.4.0"
}