{
    "cellSize": 0,
    "gridType": "Unstructured Grid",
    "model": {
        "boundingBox": [
            -198.5659942626953,
            -195.96249389648438,
            -55.2807731628418,
            6.383086681365967,
            -50.26432800292969,
            6.3326802253723145
        ],
        "parts": [
            {
                "boundingBox": [
                    -198.5659942626953,
                    -195.96249389648438,
                    -55.2807731628418,
                    6.383086681365967,
                    -50.26432800292969,
                    6.3326802253723145
                ],
                "edge_indices": "blob33/elem289",
                "face_ids": "blob33/elem290",
                "face_indices": "blob33/elem291",
                "face_normals": "blob33/norm33",
                "face_vertices": "blob33/node33",
                "geomid": 33,
                "id": 33,
                "line_indices": "blob33/elem292",
                "name": "TE-004",
                "solid_ids": "blob33/elem293",
                "type": 1,
                "vertex_ids": "blob33/elem294",
                "vertex_indices": "blob33/elem295",
                "wire_ids": "blob33/elem296",
                "wire_indices": "blob33/elem297"
            }
        ],
        "transform": [
            1.0,
            0.0,
            0.0,
            0.0,
            0.0,
            1.0,
            0.0,
            0.0,
            0.0,
            0.0,
            1.0,
            0.0,
            0.0,
            0.0,
            0.0,
            1.0
        ]
    },
    "model_scalars": [],
    "name": "/home/yanglu/Data/hub/044p.stp",
    "pointSize": 0,
    "type": "stp",
    "version": "20.4.0"
}