{
    "cellSize": 0,
    "gridType": "Unstructured Grid",
    "model": {
        "boundingBox": [
            -12.5,
            12.5,
            205.00167846679688,
            229.9974365234375,
            -525.5650024414063,
            525.5650024414063
        ],
        "parts": [
            {
                "boundingBox": [
                    -12.5,
                    12.5,
                    205.00167846679688,
                    229.9974365234375,
                    -525.5650024414063,
                    525.5650024414063
                ],
                "edge_indices": "blob12/elem100",
                "face_ids": "blob12/elem101",
                "face_indices": "blob12/elem102",
                "face_normals": "blob12/norm12",
                "face_vertices": "blob12/node12",
                "geomid": 12,
                "id": 12,
                "line_indices": "blob12/elem103",
                "name": "LU-005",
                "solid_ids": "blob12/elem104",
                "type": 1,
                "vertex_ids": "blob12/elem105",
                "vertex_indices": "blob12/elem106",
                "wire_ids": "blob12/elem107",
                "wire_indices": "blob12/elem108"
            }
        ],
        "transform": [
            1.0,
            0.0,
            0.0,
            0.0,
            0.0,
            1.0,
            0.0,
            0.0,
            0.0,
            0.0,
            1.0,
            0.0,
            0.0,
            0.0,
            0.0,
            1.0
        ]
    },
    "model_scalars": [],
    "name": "/home/yanglu/Data/hub/044p.stp",
    "pointSize": 0,
    "type": "stp",
    "version": "20.4.0"
}