{
    "cellSize": 0,
    "gridType": "Unstructured Grid",
    "model": {
        "boundingBox": [
            195.96249389648438,
            198.5659942626953,
            -55.2807731628418,
            6.383086681365967,
            -50.26432800292969,
            6.3326802253723145
        ],
        "parts": [
            {
                "boundingBox": [
                    195.96249389648438,
                    198.5659942626953,
                    -55.2807731628418,
                    6.383086681365967,
                    -50.26432800292969,
                    6.3326802253723145
                ],
                "edge_indices": "blob34/elem298",
                "face_ids": "blob34/elem299",
                "face_indices": "blob34/elem300",
                "face_normals": "blob34/norm34",
                "face_vertices": "blob34/node34",
                "geomid": 34,
                "id": 34,
                "line_indices": "blob34/elem301",
                "name": "TE-005",
                "solid_ids": "blob34/elem302",
                "type": 1,
                "vertex_ids": "blob34/elem303",
                "vertex_indices": "blob34/elem304",
                "wire_ids": "blob34/elem305",
                "wire_indices": "blob34/elem306"
            }
        ],
        "transform": [
            1.0,
            0.0,
            0.0,
            0.0,
            0.0,
            1.0,
            0.0,
            0.0,
            0.0,
            0.0,
            1.0,
            0.0,
            0.0,
            0.0,
            0.0,
            1.0
        ]
    },
    "model_scalars": [],
    "name": "/home/yanglu/Data/hub/044p.stp",
    "pointSize": 0,
    "type": "stp",
    "version": "20.4.0"
}