{
    "cellSize": 0,
    "gridType": "Unstructured Grid",
    "model": {
        "boundingBox": [
            -229.97999572753906,
            -204.97999572753906,
            5.700799942016602,
            17.172563552856445,
            10.14016056060791,
            33.22047424316406
        ],
        "parts": [
            {
                "boundingBox": [
                    -229.97999572753906,
                    -204.97999572753906,
                    5.700799942016602,
                    17.172563552856445,
                    10.14016056060791,
                    33.22047424316406
                ],
                "edge_indices": "blob40/elem352",
                "face_ids": "blob40/elem353",
                "face_indices": "blob40/elem354",
                "face_normals": "blob40/norm40",
                "face_vertices": "blob40/node40",
                "geomid": 40,
                "id": 40,
                "line_indices": "blob40/elem355",
                "name": "TE-00738",
                "solid_ids": "blob40/elem356",
                "type": 1,
                "vertex_ids": "blob40/elem357",
                "vertex_indices": "blob40/elem358",
                "wire_ids": "blob40/elem359",
                "wire_indices": "blob40/elem360"
            }
        ],
        "transform": [
            1.0,
            0.0,
            0.0,
            0.0,
            0.0,
            1.0,
            0.0,
            0.0,
            0.0,
            0.0,
            1.0,
            0.0,
            0.0,
            0.0,
            0.0,
            1.0
        ]
    },
    "model_scalars": [],
    "name": "/home/yanglu/Data/hub/044p.stp",
    "pointSize": 0,
    "type": "stp",
    "version": "20.4.0"
}