{
    "cellSize": 0,
    "gridType": "Unstructured Grid",
    "model": {
        "boundingBox": [
            -1.5,
            1.5,
            -205.0,
            -127.33139038085938,
            345.0163879394531,
            422.68499755859375
        ],
        "parts": [
            {
                "boundingBox": [
                    -1.5,
                    1.5,
                    -205.0,
                    -127.33139038085938,
                    345.0163879394531,
                    422.68499755859375
                ],
                "edge_indices": "blob15/elem127",
                "face_ids": "blob15/elem128",
                "face_indices": "blob15/elem129",
                "face_normals": "blob15/norm15",
                "face_vertices": "blob15/node15",
                "geomid": 15,
                "id": 15,
                "line_indices": "blob15/elem130",
                "name": "LU-00613",
                "solid_ids": "blob15/elem131",
                "type": 1,
                "vertex_ids": "blob15/elem132",
                "vertex_indices": "blob15/elem133",
                "wire_ids": "blob15/elem134",
                "wire_indices": "blob15/elem135"
            }
        ],
        "transform": [
            1.0,
            0.0,
            0.0,
            0.0,
            0.0,
            1.0,
            0.0,
            0.0,
            0.0,
            0.0,
            1.0,
            0.0,
            0.0,
            0.0,
            0.0,
            1.0
        ]
    },
    "model_scalars": [],
    "name": "/home/yanglu/Data/hub/044p.stp",
    "pointSize": 0,
    "type": "stp",
    "version": "20.4.0"
}