{
    "cellSize": 0,
    "gridType": "Unstructured Grid",
    "model": {
        "boundingBox": [
            189.9724578857422,
            245.0308074951172,
            -9.467925110584474e-09,
            63.487918853759766,
            -12.379353523254395,
            48.73978805541992
        ],
        "parts": [
            {
                "boundingBox": [
                    189.9724578857422,
                    245.0308074951172,
                    -9.467925110584474e-09,
                    63.487918853759766,
                    -12.379353523254395,
                    48.73978805541992
                ],
                "edge_indices": "blob19/elem163",
                "face_ids": "blob19/elem164",
                "face_indices": "blob19/elem165",
                "face_normals": "blob19/norm19",
                "face_vertices": "blob19/node19",
                "geomid": 19,
                "id": 19,
                "line_indices": "blob19/elem166",
                "name": "SU-004",
                "solid_ids": "blob19/elem167",
                "type": 1,
                "vertex_ids": "blob19/elem168",
                "vertex_indices": "blob19/elem169",
                "wire_ids": "blob19/elem170",
                "wire_indices": "blob19/elem171"
            }
        ],
        "transform": [
            1.0,
            0.0,
            0.0,
            0.0,
            0.0,
            1.0,
            0.0,
            0.0,
            0.0,
            0.0,
            1.0,
            0.0,
            0.0,
            0.0,
            0.0,
            1.0
        ]
    },
    "model_scalars": [],
    "name": "/home/yanglu/Data/hub/044p.stp",
    "pointSize": 0,
    "type": "stp",
    "version": "20.4.0"
}