{
    "cellSize": 0,
    "gridType": "Unstructured Grid",
    "model": {
        "boundingBox": [
            195.5800018310547,
            203.39999389648438,
            737.4461059570313,
            752.6383056640625,
            -553.6271362304688,
            -442.58660888671875
        ],
        "parts": [
            {
                "boundingBox": [
                    195.5800018310547,
                    203.39999389648438,
                    737.4461059570313,
                    752.6383056640625,
                    -553.6271362304688,
                    -442.58660888671875
                ],
                "edge_indices": "blob29/elem253",
                "face_ids": "blob29/elem254",
                "face_indices": "blob29/elem255",
                "face_normals": "blob29/norm29",
                "face_vertices": "blob29/node29",
                "geomid": 29,
                "id": 29,
                "line_indices": "blob29/elem256",
                "name": "TE-002",
                "solid_ids": "blob29/elem257",
                "type": 1,
                "vertex_ids": "blob29/elem258",
                "vertex_indices": "blob29/elem259",
                "wire_ids": "blob29/elem260",
                "wire_indices": "blob29/elem261"
            }
        ],
        "transform": [
            1.0,
            0.0,
            0.0,
            0.0,
            0.0,
            1.0,
            0.0,
            0.0,
            0.0,
            0.0,
            1.0,
            0.0,
            0.0,
            0.0,
            0.0,
            1.0
        ]
    },
    "model_scalars": [],
    "name": "/home/yanglu/Data/hub/044p.stp",
    "pointSize": 0,
    "type": "stp",
    "version": "20.4.0"
}