{
    "cellSize": 0,
    "gridType": "Unstructured Grid",
    "model": {
        "boundingBox": [
            -205.0,
            -195.35000610351563,
            741.8233032226563,
            750.7133178710938,
            -550.8661499023438,
            -542.0064697265625
        ],
        "parts": [
            {
                "boundingBox": [
                    -205.0,
                    -195.35000610351563,
                    741.8233032226563,
                    750.7133178710938,
                    -550.8661499023438,
                    -542.0064697265625
                ],
                "edge_indices": "blob32/elem280",
                "face_ids": "blob32/elem281",
                "face_indices": "blob32/elem282",
                "face_normals": "blob32/norm32",
                "face_vertices": "blob32/node32",
                "geomid": 32,
                "id": 32,
                "line_indices": "blob32/elem283",
                "name": "TE-00333",
                "solid_ids": "blob32/elem284",
                "type": 1,
                "vertex_ids": "blob32/elem285",
                "vertex_indices": "blob32/elem286",
                "wire_ids": "blob32/elem287",
                "wire_indices": "blob32/elem288"
            }
        ],
        "transform": [
            1.0,
            0.0,
            0.0,
            0.0,
            0.0,
            1.0,
            0.0,
            0.0,
            0.0,
            0.0,
            1.0,
            0.0,
            0.0,
            0.0,
            0.0,
            1.0
        ]
    },
    "model_scalars": [],
    "name": "/home/yanglu/Data/hub/044p.stp",
    "pointSize": 0,
    "type": "stp",
    "version": "20.4.0"
}