{
    "cellSize": 0,
    "gridType": "Unstructured Grid",
    "model": {
        "boundingBox": [
            -1.5,
            1.5,
            -205.0,
            -127.33139038085938,
            -201.3249969482422,
            -123.6563949584961
        ],
        "parts": [
            {
                "boundingBox": [
                    -1.5,
                    1.5,
                    -205.0,
                    -127.33139038085938,
                    -201.3249969482422,
                    -123.6563949584961
                ],
                "edge_indices": "blob14/elem118",
                "face_ids": "blob14/elem119",
                "face_indices": "blob14/elem120",
                "face_normals": "blob14/norm14",
                "face_vertices": "blob14/node14",
                "geomid": 14,
                "id": 14,
                "line_indices": "blob14/elem121",
                "name": "LU-00612",
                "solid_ids": "blob14/elem122",
                "type": 1,
                "vertex_ids": "blob14/elem123",
                "vertex_indices": "blob14/elem124",
                "wire_ids": "blob14/elem125",
                "wire_indices": "blob14/elem126"
            }
        ],
        "transform": [
            1.0,
            0.0,
            0.0,
            0.0,
            0.0,
            1.0,
            0.0,
            0.0,
            0.0,
            0.0,
            1.0,
            0.0,
            0.0,
            0.0,
            0.0,
            1.0
        ]
    },
    "model_scalars": [],
    "name": "/home/yanglu/Data/hub/044p.stp",
    "pointSize": 0,
    "type": "stp",
    "version": "20.4.0"
}