{
    "cellSize": 0,
    "gridType": "Unstructured Grid",
    "model": {
        "boundingBox": [
            205.0,
            230.0,
            6.607107639312744,
            18.078872680664063,
            9.717541694641113,
            32.797855377197266
        ],
        "parts": [
            {
                "boundingBox": [
                    205.0,
                    230.0,
                    6.607107639312744,
                    18.078872680664063,
                    9.717541694641113,
                    32.797855377197266
                ],
                "edge_indices": "blob37/elem325",
                "face_ids": "blob37/elem326",
                "face_indices": "blob37/elem327",
                "face_normals": "blob37/norm37",
                "face_vertices": "blob37/node37",
                "geomid": 37,
                "id": 37,
                "line_indices": "blob37/elem328",
                "name": "TE-007",
                "solid_ids": "blob37/elem329",
                "type": 1,
                "vertex_ids": "blob37/elem330",
                "vertex_indices": "blob37/elem331",
                "wire_ids": "blob37/elem332",
                "wire_indices": "blob37/elem333"
            }
        ],
        "transform": [
            1.0,
            0.0,
            0.0,
            0.0,
            0.0,
            1.0,
            0.0,
            0.0,
            0.0,
            0.0,
            1.0,
            0.0,
            0.0,
            0.0,
            0.0,
            1.0
        ]
    },
    "model_scalars": [],
    "name": "/home/yanglu/Data/hub/044p.stp",
    "pointSize": 0,
    "type": "stp",
    "version": "20.4.0"
}