{
    "cellSize": 0,
    "gridType": "Unstructured Grid",
    "model": {
        "boundingBox": [
            -88.88999938964844,
            88.91000366210938,
            1193.1646728515625,
            1229.717041015625,
            -555.59033203125,
            -521.19873046875
        ],
        "parts": [
            {
                "boundingBox": [
                    -88.88999938964844,
                    88.91000366210938,
                    1193.1646728515625,
                    1229.717041015625,
                    -555.59033203125,
                    -521.19873046875
                ],
                "edge_indices": "blob18/elem154",
                "face_ids": "blob18/elem155",
                "face_indices": "blob18/elem156",
                "face_normals": "blob18/norm18",
                "face_vertices": "blob18/node18",
                "geomid": 18,
                "id": 18,
                "line_indices": "blob18/elem157",
                "name": "SU-002",
                "solid_ids": "blob18/elem158",
                "type": 1,
                "vertex_ids": "blob18/elem159",
                "vertex_indices": "blob18/elem160",
                "wire_ids": "blob18/elem161",
                "wire_indices": "blob18/elem162"
            }
        ],
        "transform": [
            1.0,
            0.0,
            0.0,
            0.0,
            0.0,
            1.0,
            0.0,
            0.0,
            0.0,
            0.0,
            1.0,
            0.0,
            0.0,
            0.0,
            0.0,
            1.0
        ]
    },
    "model_scalars": [],
    "name": "/home/yanglu/Data/hub/044p.stp",
    "pointSize": 0,
    "type": "stp",
    "version": "20.4.0"
}