{
    "cellSize": 0,
    "gridType": "Unstructured Grid",
    "model": {
        "boundingBox": [
            -204.08900451660156,
            204.08900451660156,
            206.28163146972656,
            258.808837890625,
            -199.807861328125,
            -57.175907135009766
        ],
        "parts": [
            {
                "boundingBox": [
                    -204.08900451660156,
                    204.08900451660156,
                    206.28163146972656,
                    258.808837890625,
                    -199.807861328125,
                    -57.175907135009766
                ],
                "edge_indices": "blob25/elem217",
                "face_ids": "blob25/elem218",
                "face_indices": "blob25/elem219",
                "face_normals": "blob25/norm25",
                "face_vertices": "blob25/node25",
                "geomid": 25,
                "id": 25,
                "line_indices": "blob25/elem220",
                "name": "SU-007",
                "solid_ids": "blob25/elem221",
                "type": 1,
                "vertex_ids": "blob25/elem222",
                "vertex_indices": "blob25/elem223",
                "wire_ids": "blob25/elem224",
                "wire_indices": "blob25/elem225"
            }
        ],
        "transform": [
            1.0,
            0.0,
            0.0,
            0.0,
            0.0,
            1.0,
            0.0,
            0.0,
            0.0,
            0.0,
            1.0,
            0.0,
            0.0,
            0.0,
            0.0,
            1.0
        ]
    },
    "model_scalars": [],
    "name": "/home/yanglu/Data/hub/044p.stp",
    "pointSize": 0,
    "type": "stp",
    "version": "20.4.0"
}