{
    "cellSize": 0,
    "gridType": "Unstructured Grid",
    "model": {
        "boundingBox": [
            -12.5,
            12.5,
            -229.9980926513672,
            -205.0025634765625,
            -525.5650024414063,
            525.5650024414063
        ],
        "parts": [
            {
                "boundingBox": [
                    -12.5,
                    12.5,
                    -229.9980926513672,
                    -205.0025634765625,
                    -525.5650024414063,
                    525.5650024414063
                ],
                "edge_indices": "blob11/elem91",
                "face_ids": "blob11/elem92",
                "face_indices": "blob11/elem93",
                "face_normals": "blob11/norm11",
                "face_vertices": "blob11/node11",
                "geomid": 11,
                "id": 11,
                "line_indices": "blob11/elem94",
                "name": "LU-004",
                "solid_ids": "blob11/elem95",
                "type": 1,
                "vertex_ids": "blob11/elem96",
                "vertex_indices": "blob11/elem97",
                "wire_ids": "blob11/elem98",
                "wire_indices": "blob11/elem99"
            }
        ],
        "transform": [
            1.0,
            0.0,
            0.0,
            0.0,
            0.0,
            1.0,
            0.0,
            0.0,
            0.0,
            0.0,
            1.0,
            0.0,
            0.0,
            0.0,
            0.0,
            1.0
        ]
    },
    "model_scalars": [],
    "name": "/home/yanglu/Data/hub/044p.stp",
    "pointSize": 0,
    "type": "stp",
    "version": "20.4.0"
}