{
    "cellSize": 0,
    "gridType": "Unstructured Grid",
    "model": {
        "boundingBox": [
            195.35000610351563,
            205.0,
            741.8233032226563,
            750.7133178710938,
            -550.8661499023438,
            -542.0064697265625
        ],
        "parts": [
            {
                "boundingBox": [
                    195.35000610351563,
                    205.0,
                    741.8233032226563,
                    750.7133178710938,
                    -550.8661499023438,
                    -542.0064697265625
                ],
                "edge_indices": "blob31/elem271",
                "face_ids": "blob31/elem272",
                "face_indices": "blob31/elem273",
                "face_normals": "blob31/norm31",
                "face_vertices": "blob31/node31",
                "geomid": 31,
                "id": 31,
                "line_indices": "blob31/elem274",
                "name": "TE-003",
                "solid_ids": "blob31/elem275",
                "type": 1,
                "vertex_ids": "blob31/elem276",
                "vertex_indices": "blob31/elem277",
                "wire_ids": "blob31/elem278",
                "wire_indices": "blob31/elem279"
            }
        ],
        "transform": [
            1.0,
            0.0,
            0.0,
            0.0,
            0.0,
            1.0,
            0.0,
            0.0,
            0.0,
            0.0,
            1.0,
            0.0,
            0.0,
            0.0,
            0.0,
            1.0
        ]
    },
    "model_scalars": [],
    "name": "/home/yanglu/Data/hub/044p.stp",
    "pointSize": 0,
    "type": "stp",
    "version": "20.4.0"
}