{
    "cellSize": 0,
    "gridType": "Unstructured Grid",
    "model": {
        "boundingBox": [
            -198.5675048828125,
            198.5644989013672,
            709.8223266601563,
            766.026611328125,
            -594.084228515625,
            -522.26904296875
        ],
        "parts": [
            {
                "boundingBox": [
                    -198.5675048828125,
                    198.5644989013672,
                    709.8223266601563,
                    766.026611328125,
                    -594.084228515625,
                    -522.26904296875
                ],
                "edge_indices": "blob2/elem10",
                "face_ids": "blob2/elem11",
                "face_indices": "blob2/elem12",
                "face_normals": "blob2/norm2",
                "face_vertices": "blob2/node2",
                "geomid": 2,
                "id": 2,
                "line_indices": "blob2/elem13",
                "name": "HJ-002",
                "solid_ids": "blob2/elem14",
                "type": 1,
                "vertex_ids": "blob2/elem15",
                "vertex_indices": "blob2/elem16",
                "wire_ids": "blob2/elem17",
                "wire_indices": "blob2/elem18"
            }
        ],
        "transform": [
            1.0,
            0.0,
            0.0,
            0.0,
            0.0,
            1.0,
            0.0,
            0.0,
            0.0,
            0.0,
            1.0,
            0.0,
            0.0,
            0.0,
            0.0,
            1.0
        ]
    },
    "model_scalars": [],
    "name": "/home/yanglu/Data/hub/044p.stp",
    "pointSize": 0,
    "type": "stp",
    "version": "20.4.0"
}