{
    "cellSize": 0,
    "gridType": "Unstructured Grid",
    "model": {
        "boundingBox": [
            -225.7949981689453,
            225.7949981689453,
            231.8086395263672,
            244.50863647460938,
            -90.34556579589844,
            -77.73816680908203
        ],
        "parts": [
            {
                "boundingBox": [
                    -225.7949981689453,
                    225.7949981689453,
                    231.8086395263672,
                    244.50863647460938,
                    -90.34556579589844,
                    -77.73816680908203
                ],
                "edge_indices": "blob6/elem46",
                "face_ids": "blob6/elem47",
                "face_indices": "blob6/elem48",
                "face_normals": "blob6/norm6",
                "face_vertices": "blob6/node6",
                "geomid": 6,
                "id": 6,
                "line_indices": "blob6/elem49",
                "name": "LU-00239",
                "solid_ids": "blob6/elem50",
                "type": 1,
                "vertex_ids": "blob6/elem51",
                "vertex_indices": "blob6/elem52",
                "wire_ids": "blob6/elem53",
                "wire_indices": "blob6/elem54"
            }
        ],
        "transform": [
            1.0,
            0.0,
            0.0,
            0.0,
            0.0,
            1.0,
            0.0,
            0.0,
            0.0,
            0.0,
            1.0,
            0.0,
            0.0,
            0.0,
            0.0,
            1.0
        ]
    },
    "model_scalars": [],
    "name": "/home/yanglu/Data/hub/044p.stp",
    "pointSize": 0,
    "type": "stp",
    "version": "20.4.0"
}