{
    "cellSize": 0,
    "gridType": "Unstructured Grid",
    "model": {
        "boundingBox": [
            205.0,
            230.0,
            5.532282829284668,
            11.602372169494629,
            -712.2182006835938,
            -687.5384521484375
        ],
        "parts": [
            {
                "boundingBox": [
                    205.0,
                    230.0,
                    5.532282829284668,
                    11.602372169494629,
                    -712.2182006835938,
                    -687.5384521484375
                ],
                "edge_indices": "blob38/elem334",
                "face_ids": "blob38/elem335",
                "face_indices": "blob38/elem336",
                "face_normals": "blob38/norm38",
                "face_vertices": "blob38/node38",
                "geomid": 38,
                "id": 38,
                "line_indices": "blob38/elem337",
                "name": "TE-00736",
                "solid_ids": "blob38/elem338",
                "type": 1,
                "vertex_ids": "blob38/elem339",
                "vertex_indices": "blob38/elem340",
                "wire_ids": "blob38/elem341",
                "wire_indices": "blob38/elem342"
            }
        ],
        "transform": [
            1.0,
            0.0,
            0.0,
            0.0,
            0.0,
            1.0,
            0.0,
            0.0,
            0.0,
            0.0,
            1.0,
            0.0,
            0.0,
            0.0,
            0.0,
            1.0
        ]
    },
    "model_scalars": [],
    "name": "/home/yanglu/Data/hub/044p.stp",
    "pointSize": 0,
    "type": "stp",
    "version": "20.4.0"
}