{"cellSize":0,"gridType":"Unstructured Grid","model":{"boundingBox":[-130.3855743408203,80.15906524658203,114.85104370117188,196.749267578125,-35.176212310791016,35.17620849609375],"parts":[{"boundingBox":[-130.3855743408203,80.15906524658203,114.85104370117188,196.749267578125,-35.176212310791016,35.17620849609375],"edge_indices":"blob17/elem132","face_ids":"blob17/elem133","face_indices":"blob17/elem134","face_normals":"blob17/norm17","face_vertices":"blob17/node17","geomid":17,"id":17,"line_indices":"blob17/elem135","name":"SHELL","type":1,"vertex_ids":"blob17/elem136","vertex_indices":"blob17/elem137","wire_ids":"blob17/elem138","wire_indices":"blob17/elem139"}],"transform":[1.0,0.0,0.0,0.0,0.0,1.0,0.0,0.0,0.0,0.0,1.0,0.0,0.0,0.0,0.0,1.0]},"model_scalars":[],"name":"/home/yskj/ys3d_demo/demo-15L/structure/chejia_lagan_jiaota01.stp","pointSize":0,"type":"stp","version":"21.4.0"}