{"index_lists":[{"mesh_name":"??003","metadata_name":"metadata1.json"},{"mesh_name":"??004","metadata_name":"metadata2.json"},{"mesh_name":"??005","metadata_name":"metadata3.json"},{"mesh_name":"CC-L_1","metadata_name":"metadata4.json"},{"mesh_name":"DT_17","metadata_name":"metadata5.json"},{"mesh_name":"END-BLOCK_4","metadata_name":"metadata6.json"},{"mesh_name":"END-L","metadata_name":"metadata7.json"},{"mesh_name":"END-R_20_1","metadata_name":"metadata8.json"},{"mesh_name":"END-R_20_2","metadata_name":"metadata9.json"},{"mesh_name":"END_29","metadata_name":"metadata10.json"},{"mesh_name":"HT_32","metadata_name":"metadata11.json"},{"mesh_name":"MOTORHOLD-SHARE_11","metadata_name":"metadata12.json"},{"mesh_name":"OF01-W002S000_4_1","metadata_name":"metadata13.json"},{"mesh_name":"PS-GG1145-2-R_X_T_1","metadata_name":"metadata14.json"},{"mesh_name":"SC-1_14_1","metadata_name":"metadata15.json"},{"mesh_name":"SC-1_14_2","metadata_name":"metadata16.json"},{"mesh_name":"SHELL","metadata_name":"metadata17.json"},{"mesh_name":"SHELL12","metadata_name":"metadata18.json"},{"mesh_name":"SHELL19","metadata_name":"metadata19.json"},{"mesh_name":"SHELL20","metadata_name":"metadata20.json"},{"mesh_name":"SOLID","metadata_name":"metadata21.json"},{"mesh_name":"SOLID10","metadata_name":"metadata22.json"},{"mesh_name":"SOLID21","metadata_name":"metadata23.json"},{"mesh_name":"SOLID22","metadata_name":"metadata24.json"},{"mesh_name":"SOLID9","metadata_name":"metadata25.json"},{"mesh_name":"ST_8","metadata_name":"metadata26.json"}]}