{"cellSize":0,"gridType":"Unstructured Grid","model":{"boundingBox":[-505.3683166503906,-353.7923583984375,-27.565902709960938,39.354068756103516,75.0,95.50000762939453],"parts":[{"boundingBox":[-505.3683166503906,-353.7923583984375,-27.565902709960938,39.354068756103516,75.0,95.50000762939453],"edge_indices":"blob8/elem60","face_ids":"blob8/elem61","face_indices":"blob8/elem62","face_normals":"blob8/norm8","face_vertices":"blob8/node8","geomid":8,"id":8,"line_indices":"blob8/elem63","name":"END-R_20_1","type":1,"vertex_ids":"blob8/elem64","vertex_indices":"blob8/elem65","wire_ids":"blob8/elem66","wire_indices":"blob8/elem67"}],"transform":[1.0,0.0,0.0,0.0,0.0,1.0,0.0,0.0,0.0,0.0,1.0,0.0,0.0,0.0,0.0,1.0]},"model_scalars":[],"name":"/home/yskj/ys3d_demo/demo-15L/structure/chejia_lagan_jiaota01.stp","pointSize":0,"type":"stp","version":"21.4.0"}