{"cellSize":0,"gridType":"Unstructured Grid","model":{"boundingBox":[-94.98796081542969,-72.7879638671875,-66.88909149169922,-66.88909149169922,-18.55241584777832,18.55241584777832],"parts":[{"boundingBox":[-94.98796081542969,-72.7879638671875,-66.88909149169922,-66.88909149169922,-18.55241584777832,18.55241584777832],"edge_indices":"blob20/elem156","face_ids":"blob20/elem157","face_indices":"blob20/elem158","face_normals":"blob20/norm20","face_vertices":"blob20/node20","geomid":20,"id":20,"line_indices":"blob20/elem159","name":"SHELL20","type":1,"vertex_ids":"blob20/elem160","vertex_indices":"blob20/elem161","wire_ids":"blob20/elem162","wire_indices":"blob20/elem163"}],"transform":[1.0,0.0,0.0,0.0,0.0,1.0,0.0,0.0,0.0,0.0,1.0,0.0,0.0,0.0,0.0,1.0]},"model_scalars":[],"name":"/home/yskj/ys3d_demo/demo-15L/structure/chejia_lagan_jiaota01.stp","pointSize":0,"type":"stp","version":"21.4.0"}