{"cellSize":0,"gridType":"Unstructured Grid","model":{"boundingBox":[369.71038818359375,489.29913330078125,461.38494873046875,650.5768432617188,-46.07569885253906,46.04640579223633],"parts":[{"boundingBox":[369.71038818359375,489.29913330078125,461.38494873046875,650.5768432617188,-46.07569885253906,46.04640579223633],"edge_indices":"blob11/elem84","face_ids":"blob11/elem85","face_indices":"blob11/elem86","face_normals":"blob11/norm11","face_vertices":"blob11/node11","geomid":11,"id":11,"line_indices":"blob11/elem87","name":"HT_32","type":1,"vertex_ids":"blob11/elem88","vertex_indices":"blob11/elem89","wire_ids":"blob11/elem90","wire_indices":"blob11/elem91"}],"transform":[1.0,0.0,0.0,0.0,0.0,1.0,0.0,0.0,0.0,0.0,1.0,0.0,0.0,0.0,0.0,1.0]},"model_scalars":[],"name":"/home/yskj/ys3d_demo/demo-15L/structure/chejia_lagan_jiaota01.stp","pointSize":0,"type":"stp","version":"21.4.0"}