{"cellSize":0,"gridType":"Unstructured Grid","model":{"boundingBox":[-79.92143249511719,48.51169204711914,124.31970977783203,150.1753387451172,21.796396255493164,31.13934898376465],"parts":[{"boundingBox":[-79.92143249511719,48.51169204711914,124.31970977783203,150.1753387451172,21.796396255493164,31.13934898376465],"edge_indices":"blob22/elem173","face_ids":"blob22/elem174","face_indices":"blob22/elem175","face_normals":"blob22/norm22","face_vertices":"blob22/node22","geomid":22,"id":22,"line_indices":"blob22/elem176","name":"SOLID10","solid_ids":"blob22/elem177","type":1,"vertex_ids":"blob22/elem178","vertex_indices":"blob22/elem179","wire_ids":"blob22/elem180","wire_indices":"blob22/elem181"}],"transform":[1.0,0.0,0.0,0.0,0.0,1.0,0.0,0.0,0.0,0.0,1.0,0.0,0.0,0.0,0.0,1.0]},"model_scalars":[],"name":"/home/yskj/ys3d_demo/demo-15L/structure/chejia_lagan_jiaota01.stp","pointSize":0,"type":"stp","version":"21.4.0"}