{"cellSize":0,"gridType":"Unstructured Grid","model":{"boundingBox":[-349.7525634765625,-42.08095932006836,-101.62618255615234,-4.952751159667969,-94.84708404541016,-13.400003433227539],"parts":[{"boundingBox":[-349.7525634765625,-42.08095932006836,-101.62618255615234,-4.952751159667969,-94.84708404541016,-13.400003433227539],"edge_indices":"blob4/elem28","face_ids":"blob4/elem29","face_indices":"blob4/elem30","face_normals":"blob4/norm4","face_vertices":"blob4/node4","geomid":4,"id":4,"line_indices":"blob4/elem31","name":"CC-L_1","type":1,"vertex_ids":"blob4/elem32","vertex_indices":"blob4/elem33","wire_ids":"blob4/elem34","wire_indices":"blob4/elem35"}],"transform":[1.0,0.0,0.0,0.0,0.0,1.0,0.0,0.0,0.0,0.0,1.0,0.0,0.0,0.0,0.0,1.0]},"model_scalars":[],"name":"/home/yskj/ys3d_demo/demo-15L/structure/chejia_lagan_jiaota01.stp","pointSize":0,"type":"stp","version":"21.4.0"}