{"cellSize":0,"gridType":"Unstructured Grid","model":{"boundingBox":[-94.65123748779297,-72.81770324707031,-67.87577056884766,-64.00733184814453,-18.09906005859375,18.508811950683594],"parts":[{"boundingBox":[-94.65123748779297,-72.81770324707031,-67.87577056884766,-64.00733184814453,-18.09906005859375,18.508811950683594],"edge_indices":"blob19/elem148","face_ids":"blob19/elem149","face_indices":"blob19/elem150","face_normals":"blob19/norm19","face_vertices":"blob19/node19","geomid":19,"id":19,"line_indices":"blob19/elem151","name":"SHELL19","type":1,"vertex_ids":"blob19/elem152","vertex_indices":"blob19/elem153","wire_ids":"blob19/elem154","wire_indices":"blob19/elem155"}],"transform":[1.0,0.0,0.0,0.0,0.0,1.0,0.0,0.0,0.0,0.0,1.0,0.0,0.0,0.0,0.0,1.0]},"model_scalars":[],"name":"/home/yskj/ys3d_demo/demo-15L/structure/chejia_lagan_jiaota01.stp","pointSize":0,"type":"stp","version":"21.4.0"}