{"cellSize":0,"gridType":"Unstructured Grid","model":{"boundingBox":[-171.30934143066406,-2.621004104614258,126.10997772216797,414.5234069824219,-20.0,20.0],"parts":[{"boundingBox":[-171.30934143066406,-2.621004104614258,126.10997772216797,414.5234069824219,-20.0,20.0],"edge_indices":"blob26/elem209","face_ids":"blob26/elem210","face_indices":"blob26/elem211","face_normals":"blob26/norm26","face_vertices":"blob26/node26","geomid":26,"id":26,"line_indices":"blob26/elem212","name":"ST_8","solid_ids":"blob26/elem213","type":1,"vertex_ids":"blob26/elem214","vertex_indices":"blob26/elem215","wire_ids":"blob26/elem216","wire_indices":"blob26/elem217"}],"transform":[1.0,0.0,0.0,0.0,0.0,1.0,0.0,0.0,0.0,0.0,1.0,0.0,0.0,0.0,0.0,1.0]},"model_scalars":[],"name":"/home/yskj/ys3d_demo/demo-15L/structure/chejia_lagan_jiaota01.stp","pointSize":0,"type":"stp","version":"21.4.0"}