{"cellSize":0,"gridType":"Unstructured Grid","model":{"boundingBox":[-387.5895080566406,-42.08100891113281,-101.62613677978516,-2.833806037902832,13.400005340576172,94.93539428710938],"parts":[{"boundingBox":[-387.5895080566406,-42.08100891113281,-101.62613677978516,-2.833806037902832,13.400005340576172,94.93539428710938],"edge_indices":"blob13/elem100","face_ids":"blob13/elem101","face_indices":"blob13/elem102","face_normals":"blob13/norm13","face_vertices":"blob13/node13","geomid":13,"id":13,"line_indices":"blob13/elem103","name":"OF01-W002S000_4_1","type":1,"vertex_ids":"blob13/elem104","vertex_indices":"blob13/elem105","wire_ids":"blob13/elem106","wire_indices":"blob13/elem107"}],"transform":[1.0,0.0,0.0,0.0,0.0,1.0,0.0,0.0,0.0,0.0,1.0,0.0,0.0,0.0,0.0,1.0]},"model_scalars":[],"name":"/home/yskj/ys3d_demo/demo-15L/structure/chejia_lagan_jiaota01.stp","pointSize":0,"type":"stp","version":"21.4.0"}