{"cellSize":0,"gridType":"Unstructured Grid","model":{"boundingBox":[-524.7227783203125,-337.7190246582031,-35.97317886352539,83.26655578613281,-95.5,-74.45430755615234],"parts":[{"boundingBox":[-524.7227783203125,-337.7190246582031,-35.97317886352539,83.26655578613281,-95.5,-74.45430755615234],"edge_indices":"blob10/elem76","face_ids":"blob10/elem77","face_indices":"blob10/elem78","face_normals":"blob10/norm10","face_vertices":"blob10/node10","geomid":10,"id":10,"line_indices":"blob10/elem79","name":"END_29","type":1,"vertex_ids":"blob10/elem80","vertex_indices":"blob10/elem81","wire_ids":"blob10/elem82","wire_indices":"blob10/elem83"}],"transform":[1.0,0.0,0.0,0.0,0.0,1.0,0.0,0.0,0.0,0.0,1.0,0.0,0.0,0.0,0.0,1.0]},"model_scalars":[],"name":"/home/yskj/ys3d_demo/demo-15L/structure/chejia_lagan_jiaota01.stp","pointSize":0,"type":"stp","version":"21.4.0"}