{"cellSize":0,"gridType":"Unstructured Grid","model":{"boundingBox":[15.420245170593262,428.634033203125,55.47121810913086,628.2434692382813,-46.03771209716797,46.03771209716797],"parts":[{"boundingBox":[15.420245170593262,428.634033203125,55.47121810913086,628.2434692382813,-46.03771209716797,46.03771209716797],"edge_indices":"blob5/elem36","face_ids":"blob5/elem37","face_indices":"blob5/elem38","face_normals":"blob5/norm5","face_vertices":"blob5/node5","geomid":5,"id":5,"line_indices":"blob5/elem39","name":"DT_17","type":1,"vertex_ids":"blob5/elem40","vertex_indices":"blob5/elem41","wire_ids":"blob5/elem42","wire_indices":"blob5/elem43"}],"transform":[1.0,0.0,0.0,0.0,0.0,1.0,0.0,0.0,0.0,0.0,1.0,0.0,0.0,0.0,0.0,1.0]},"model_scalars":[],"name":"/home/yskj/ys3d_demo/demo-15L/structure/chejia_lagan_jiaota01.stp","pointSize":0,"type":"stp","version":"21.4.0"}