{"cellSize":0,"gridType":"Unstructured Grid","model":{"boundingBox":[364.6634826660156,662.5847778320313,-21.55704689025879,663.6470947265625,-22.805564880371094,113.99361419677734],"parts":[{"boundingBox":[364.6634826660156,662.5847778320313,-21.55704689025879,663.6470947265625,-22.805564880371094,113.99361419677734],"edge_indices":"blob24/elem191","face_ids":"blob24/elem192","face_indices":"blob24/elem193","face_normals":"blob24/norm24","face_vertices":"blob24/node24","geomid":24,"id":24,"line_indices":"blob24/elem194","name":"SOLID22","solid_ids":"blob24/elem195","type":1,"vertex_ids":"blob24/elem196","vertex_indices":"blob24/elem197","wire_ids":"blob24/elem198","wire_indices":"blob24/elem199"}],"transform":[1.0,0.0,0.0,0.0,0.0,1.0,0.0,0.0,0.0,0.0,1.0,0.0,0.0,0.0,0.0,1.0]},"model_scalars":[],"name":"/home/yskj/ys3d_demo/demo-15L/structure/chejia_lagan_jiaota01.stp","pointSize":0,"type":"stp","version":"21.4.0"}