{"cellSize":0,"gridType":"Unstructured Grid","model":{"boundingBox":[-486.265380859375,93.16595458984375,45.512447357177734,197.69308471679688,17.179290771484375,93.87296295166016],"parts":[{"boundingBox":[-486.265380859375,93.16595458984375,45.512447357177734,197.69308471679688,17.179290771484375,93.87296295166016],"edge_indices":"blob16/elem124","face_ids":"blob16/elem125","face_indices":"blob16/elem126","face_normals":"blob16/norm16","face_vertices":"blob16/node16","geomid":16,"id":16,"line_indices":"blob16/elem127","name":"SC-1_14_2","type":1,"vertex_ids":"blob16/elem128","vertex_indices":"blob16/elem129","wire_ids":"blob16/elem130","wire_indices":"blob16/elem131"}],"transform":[1.0,0.0,0.0,0.0,0.0,1.0,0.0,0.0,0.0,0.0,1.0,0.0,0.0,0.0,0.0,1.0]},"model_scalars":[],"name":"/home/yskj/ys3d_demo/demo-15L/structure/chejia_lagan_jiaota01.stp","pointSize":0,"type":"stp","version":"21.4.0"}