{"cellSize":0,"gridType":"Unstructured Grid","model":{"boundingBox":[-89.30514526367188,80.15985107421875,159.76193237304688,194.5043182373047,-31.289527893066406,-19.19212532043457],"parts":[{"boundingBox":[-89.30514526367188,80.15985107421875,159.76193237304688,194.5043182373047,-31.289527893066406,-19.19212532043457],"edge_indices":"blob21/elem164","face_ids":"blob21/elem165","face_indices":"blob21/elem166","face_normals":"blob21/norm21","face_vertices":"blob21/node21","geomid":21,"id":21,"line_indices":"blob21/elem167","name":"SOLID","solid_ids":"blob21/elem168","type":1,"vertex_ids":"blob21/elem169","vertex_indices":"blob21/elem170","wire_ids":"blob21/elem171","wire_indices":"blob21/elem172"}],"transform":[1.0,0.0,0.0,0.0,0.0,1.0,0.0,0.0,0.0,0.0,1.0,0.0,0.0,0.0,0.0,1.0]},"model_scalars":[],"name":"/home/yskj/ys3d_demo/demo-15L/structure/chejia_lagan_jiaota01.stp","pointSize":0,"type":"stp","version":"21.4.0"}