{"cellSize":0,"gridType":"Unstructured Grid","model":{"boundingBox":[-489.793701171875,0.0,-42.27397155761719,35.8686408996582,0.0,77.5],"parts":[{"boundingBox":[-489.793701171875,0.0,-42.27397155761719,35.8686408996582,0.0,77.5],"edge_indices":"blob14/elem108","face_ids":"blob14/elem109","face_indices":"blob14/elem110","face_normals":"blob14/norm14","face_vertices":"blob14/node14","geomid":14,"id":14,"line_indices":"blob14/elem111","name":"PS-GG1145-2-R_X_T_1","type":1,"vertex_ids":"blob14/elem112","vertex_indices":"blob14/elem113","wire_ids":"blob14/elem114","wire_indices":"blob14/elem115"}],"transform":[1.0,0.0,0.0,0.0,0.0,1.0,0.0,0.0,0.0,0.0,1.0,0.0,0.0,0.0,0.0,1.0]},"model_scalars":[],"name":"/home/yskj/ys3d_demo/demo-15L/structure/chejia_lagan_jiaota01.stp","pointSize":0,"type":"stp","version":"21.4.0"}