{"cellSize":0,"gridType":"Unstructured Grid","model":{"boundingBox":[-79.92143249511719,48.51169204711914,124.31970977783203,150.1753387451172,-31.13934898376465,-21.796396255493164],"parts":[{"boundingBox":[-79.92143249511719,48.51169204711914,124.31970977783203,150.1753387451172,-31.13934898376465,-21.796396255493164],"edge_indices":"blob18/elem140","face_ids":"blob18/elem141","face_indices":"blob18/elem142","face_normals":"blob18/norm18","face_vertices":"blob18/node18","geomid":18,"id":18,"line_indices":"blob18/elem143","name":"SHELL12","type":1,"vertex_ids":"blob18/elem144","vertex_indices":"blob18/elem145","wire_ids":"blob18/elem146","wire_indices":"blob18/elem147"}],"transform":[1.0,0.0,0.0,0.0,0.0,1.0,0.0,0.0,0.0,0.0,1.0,0.0,0.0,0.0,0.0,1.0]},"model_scalars":[],"name":"/home/yskj/ys3d_demo/demo-15L/structure/chejia_lagan_jiaota01.stp","pointSize":0,"type":"stp","version":"21.4.0"}