{"cellSize":0,"gridType":"Unstructured Grid","model":{"boundingBox":[-509.76617431640625,-450.9056701660156,30.41971778869629,49.269920349121094,75.5,95.50008392333984],"parts":[{"boundingBox":[-509.76617431640625,-450.9056701660156,30.41971778869629,49.269920349121094,75.5,95.50008392333984],"edge_indices":"blob6/elem44","face_ids":"blob6/elem45","face_indices":"blob6/elem46","face_normals":"blob6/norm6","face_vertices":"blob6/node6","geomid":6,"id":6,"line_indices":"blob6/elem47","name":"END-BLOCK_4","type":1,"vertex_ids":"blob6/elem48","vertex_indices":"blob6/elem49","wire_ids":"blob6/elem50","wire_indices":"blob6/elem51"}],"transform":[1.0,0.0,0.0,0.0,0.0,1.0,0.0,0.0,0.0,0.0,1.0,0.0,0.0,0.0,0.0,1.0]},"model_scalars":[],"name":"/home/yskj/ys3d_demo/demo-15L/structure/chejia_lagan_jiaota01.stp","pointSize":0,"type":"stp","version":"21.4.0"}