{"cellSize":0,"gridType":"Unstructured Grid","model":{"boundingBox":[364.6930236816406,667.4647216796875,-28.11566925048828,663.6583862304688,-113.1995620727539,0.006271474529057741],"parts":[{"boundingBox":[364.6930236816406,667.4647216796875,-28.11566925048828,663.6583862304688,-113.1995620727539,0.006271474529057741],"edge_indices":"blob23/elem182","face_ids":"blob23/elem183","face_indices":"blob23/elem184","face_normals":"blob23/norm23","face_vertices":"blob23/node23","geomid":23,"id":23,"line_indices":"blob23/elem185","name":"SOLID21","solid_ids":"blob23/elem186","type":1,"vertex_ids":"blob23/elem187","vertex_indices":"blob23/elem188","wire_ids":"blob23/elem189","wire_indices":"blob23/elem190"}],"transform":[1.0,0.0,0.0,0.0,0.0,1.0,0.0,0.0,0.0,0.0,1.0,0.0,0.0,0.0,0.0,1.0]},"model_scalars":[],"name":"/home/yskj/ys3d_demo/demo-15L/structure/chejia_lagan_jiaota01.stp","pointSize":0,"type":"stp","version":"21.4.0"}