{"cellSize":0,"gridType":"Unstructured Grid","model":{"boundingBox":[-23.49952507019043,115.3520736694336,-223.8241729736328,41.97066116333008,-150.0,150.0],"parts":[{"boundingBox":[-23.49952507019043,115.3520736694336,-223.8241729736328,41.97066116333008,-150.0,150.0],"edge_indices":"blob2/elem10","face_ids":"blob2/elem11","face_indices":"blob2/elem12","face_normals":"blob2/norm2","face_vertices":"blob2/node2","geomid":2,"id":2,"line_indices":"blob2/elem13","name":"??004","solid_ids":"blob2/elem14","type":1,"vertex_ids":"blob2/elem15","vertex_indices":"blob2/elem16","wire_ids":"blob2/elem17","wire_indices":"blob2/elem18"}],"transform":[1.0,0.0,0.0,0.0,0.0,1.0,0.0,0.0,0.0,0.0,1.0,0.0,0.0,0.0,0.0,1.0]},"model_scalars":[],"name":"/home/yskj/ys3d_demo/demo-15L/structure/chejia_lagan_jiaota01.stp","pointSize":0,"type":"stp","version":"21.4.0"}