{"cellSize":0,"gridType":"Unstructured Grid","model":{"boundingBox":[-485.3607177734375,-5.688076496124268,-265.6341247558594,86.81495666503906,-76.5,79.35796356201172],"parts":[{"boundingBox":[-485.3607177734375,-5.688076496124268,-265.6341247558594,86.81495666503906,-76.5,79.35796356201172],"edge_indices":"blob3/elem19","face_ids":"blob3/elem20","face_indices":"blob3/elem21","face_normals":"blob3/norm3","face_vertices":"blob3/node3","geomid":3,"id":3,"line_indices":"blob3/elem22","name":"??005","solid_ids":"blob3/elem23","type":1,"vertex_ids":"blob3/elem24","vertex_indices":"blob3/elem25","wire_ids":"blob3/elem26","wire_indices":"blob3/elem27"}],"transform":[1.0,0.0,0.0,0.0,0.0,1.0,0.0,0.0,0.0,0.0,1.0,0.0,0.0,0.0,0.0,1.0]},"model_scalars":[],"name":"/home/yskj/ys3d_demo/demo-15L/structure/chejia_lagan_jiaota01.stp","pointSize":0,"type":"stp","version":"21.4.0"}