{"cellSize":0,"gridType":"Unstructured Grid","model":{"boundingBox":[-89.30514526367188,80.15985107421875,159.76193237304688,194.5043182373047,19.19212532043457,31.289527893066406],"parts":[{"boundingBox":[-89.30514526367188,80.15985107421875,159.76193237304688,194.5043182373047,19.19212532043457,31.289527893066406],"edge_indices":"blob25/elem200","face_ids":"blob25/elem201","face_indices":"blob25/elem202","face_normals":"blob25/norm25","face_vertices":"blob25/node25","geomid":25,"id":25,"line_indices":"blob25/elem203","name":"SOLID9","solid_ids":"blob25/elem204","type":1,"vertex_ids":"blob25/elem205","vertex_indices":"blob25/elem206","wire_ids":"blob25/elem207","wire_indices":"blob25/elem208"}],"transform":[1.0,0.0,0.0,0.0,0.0,1.0,0.0,0.0,0.0,0.0,1.0,0.0,0.0,0.0,0.0,1.0]},"model_scalars":[],"name":"/home/yskj/ys3d_demo/demo-15L/structure/chejia_lagan_jiaota01.stp","pointSize":0,"type":"stp","version":"21.4.0"}