{"cellSize":0,"gridType":"Unstructured Grid","model":{"boundingBox":[-486.265380859375,93.16595458984375,45.512447357177734,197.69308471679688,-93.87296295166016,-17.179378509521484],"parts":[{"boundingBox":[-486.265380859375,93.16595458984375,45.512447357177734,197.69308471679688,-93.87296295166016,-17.179378509521484],"edge_indices":"blob15/elem116","face_ids":"blob15/elem117","face_indices":"blob15/elem118","face_normals":"blob15/norm15","face_vertices":"blob15/node15","geomid":15,"id":15,"line_indices":"blob15/elem119","name":"SC-1_14_1","type":1,"vertex_ids":"blob15/elem120","vertex_indices":"blob15/elem121","wire_ids":"blob15/elem122","wire_indices":"blob15/elem123"}],"transform":[1.0,0.0,0.0,0.0,0.0,1.0,0.0,0.0,0.0,0.0,1.0,0.0,0.0,0.0,0.0,1.0]},"model_scalars":[],"name":"/home/yskj/ys3d_demo/demo-15L/structure/chejia_lagan_jiaota01.stp","pointSize":0,"type":"stp","version":"21.4.0"}