{"cellSize":0,"gridType":"Unstructured Grid","model":{"boundingBox":[-35.772708892822266,38.05995559692383,-111.38375854492188,86.53462219238281,-36.5,36.5],"parts":[{"boundingBox":[-35.772708892822266,38.05995559692383,-111.38375854492188,86.53462219238281,-36.5,36.5],"edge_indices":"blob1/elem1","face_ids":"blob1/elem2","face_indices":"blob1/elem3","face_normals":"blob1/norm1","face_vertices":"blob1/node1","geomid":1,"id":1,"line_indices":"blob1/elem4","name":"??003","solid_ids":"blob1/elem5","type":1,"vertex_ids":"blob1/elem6","vertex_indices":"blob1/elem7","wire_ids":"blob1/elem8","wire_indices":"blob1/elem9"}],"transform":[1.0,0.0,0.0,0.0,0.0,1.0,0.0,0.0,0.0,0.0,1.0,0.0,0.0,0.0,0.0,1.0]},"model_scalars":[],"name":"/home/yskj/ys3d_demo/demo-15L/structure/chejia_lagan_jiaota01.stp","pointSize":0,"type":"stp","version":"21.4.0"}