{"cellSize":0,"gridType":"Unstructured Grid","model":{"boundingBox":[-524.7227783203125,-458.8186340332031,40.944480895996094,83.26655578613281,75.5,95.56900787353516],"parts":[{"boundingBox":[-524.7227783203125,-458.8186340332031,40.944480895996094,83.26655578613281,75.5,95.56900787353516],"edge_indices":"blob9/elem68","face_ids":"blob9/elem69","face_indices":"blob9/elem70","face_normals":"blob9/norm9","face_vertices":"blob9/node9","geomid":9,"id":9,"line_indices":"blob9/elem71","name":"END-R_20_2","type":1,"vertex_ids":"blob9/elem72","vertex_indices":"blob9/elem73","wire_ids":"blob9/elem74","wire_indices":"blob9/elem75"}],"transform":[1.0,0.0,0.0,0.0,0.0,1.0,0.0,0.0,0.0,0.0,1.0,0.0,0.0,0.0,0.0,1.0]},"model_scalars":[],"name":"/home/yskj/ys3d_demo/demo-15L/structure/chejia_lagan_jiaota01.stp","pointSize":0,"type":"stp","version":"21.4.0"}