{"cellSize":0,"gridType":"Unstructured Grid","model":{"boundingBox":[-489.5863037109375,0.0,-16.066001892089844,35.8686408996582,-77.5,0.0],"parts":[{"boundingBox":[-489.5863037109375,0.0,-16.066001892089844,35.8686408996582,-77.5,0.0],"edge_indices":"blob7/elem52","face_ids":"blob7/elem53","face_indices":"blob7/elem54","face_normals":"blob7/norm7","face_vertices":"blob7/node7","geomid":7,"id":7,"line_indices":"blob7/elem55","name":"END-L","type":1,"vertex_ids":"blob7/elem56","vertex_indices":"blob7/elem57","wire_ids":"blob7/elem58","wire_indices":"blob7/elem59"}],"transform":[1.0,0.0,0.0,0.0,0.0,1.0,0.0,0.0,0.0,0.0,1.0,0.0,0.0,0.0,0.0,1.0]},"model_scalars":[],"name":"/home/yskj/ys3d_demo/demo-15L/structure/chejia_lagan_jiaota01.stp","pointSize":0,"type":"stp","version":"21.4.0"}