{"cellSize":0,"gridType":"Unstructured Grid","model":{"boundingBox":[-63.09825897216797,98.59757995605469,-135.6383514404297,106.71117401123047,-45.962493896484375,45.96249771118164],"parts":[{"boundingBox":[-63.09825897216797,98.59757995605469,-135.6383514404297,106.71117401123047,-45.962493896484375,45.96249771118164],"edge_indices":"blob12/elem92","face_ids":"blob12/elem93","face_indices":"blob12/elem94","face_normals":"blob12/norm12","face_vertices":"blob12/node12","geomid":12,"id":12,"line_indices":"blob12/elem95","name":"MOTORHOLD-SHARE_11","type":1,"vertex_ids":"blob12/elem96","vertex_indices":"blob12/elem97","wire_ids":"blob12/elem98","wire_indices":"blob12/elem99"}],"transform":[1.0,0.0,0.0,0.0,0.0,1.0,0.0,0.0,0.0,0.0,1.0,0.0,0.0,0.0,0.0,1.0]},"model_scalars":[],"name":"/home/yskj/ys3d_demo/demo-15L/structure/chejia_lagan_jiaota01.stp","pointSize":0,"type":"stp","version":"21.4.0"}